"profile","phase","event","utc","elapsed","availableBytes","minimumAvailableBytes","error"
"single32k","startup","sample","2026-09-25T13:01:39.482171+00:00","0.219","53586001920","",""
"single32k","startup","sample","2026-09-25T13:01:40.496065+00:00","1.235","53515841536","",""
"single32k","startup","sample","2026-09-25T13:01:41.500456+00:00","2.235","53421146112","",""
"single32k","startup","sample","2026-09-25T13:01:42.508701+00:00","3.25","53246156800","",""
"single32k","startup","sample","2026-09-25T13:01:43.514139+00:00","4.25","52776816640","",""
"single32k","startup","sample","2026-09-25T13:01:44.519849+00:00","5.25","52273303552","",""
"single32k","startup","sample","2026-09-25T13:01:45.525852+00:00","6.266","51902111744","",""
"single32k","startup","sample","2026-09-25T13:01:46.531319+00:00","7.266","51223289856","",""
"single32k","startup","sample","2026-09-25T13:01:47.536155+00:00","8.266","51197218816","",""
"single32k","startup","sample","2026-09-25T13:01:48.540631+00:00","9.282","50831855616","",""
"single32k","startup","sample","2026-09-25T13:01:49.547742+00:00","10.282","50823991296","",""
"single32k","startup","sample","2026-09-25T13:01:50.553600+00:00","11.282","50811809792","",""
"single32k","startup","sample","2026-09-25T13:01:51.558053+00:00","12.297","50390302720","",""
"single32k","startup","sample","2026-09-25T13:01:52.563274+00:00","13.297","49881235456","",""
"single32k","startup","sample","2026-09-25T13:01:53.586789+00:00","14.329","49568604160","",""
"single32k","startup","sample","2026-09-25T13:01:54.590974+00:00","15.329","48983625728","",""
"single32k","startup","sample","2026-09-25T13:01:55.596631+00:00","16.329","48693092352","",""
"single32k","startup","sample","2026-09-25T13:01:56.601028+00:00","17.329","48068554752","",""
"single32k","startup","sample","2026-09-25T13:01:57.605810+00:00","18.344","47734652928","",""
"single32k","startup","sample","2026-09-25T13:01:58.611898+00:00","19.344","47155589120","",""
"single32k","startup","sample","2026-09-25T13:01:59.632814+00:00","20.36","46576435200","",""
"single32k","startup","sample","2026-09-25T13:02:00.648080+00:00","21.375","46336065536","",""
"single32k","startup","sample","2026-09-25T13:02:01.653649+00:00","22.391","45815230464","",""
"single32k","startup","sample","2026-09-25T13:02:02.658829+00:00","23.391","45563854848","",""
"single32k","startup","sample","2026-09-25T13:02:03.664318+00:00","24.391","45570338816","",""
"single32k","startup","sample","2026-09-25T13:02:04.732652+00:00","25.469","45409746944","",""
"single32k","startup","sample","2026-09-25T13:02:05.762157+00:00","26.5","45416366080","",""
"single32k","startup","sample","2026-09-25T13:02:06.766640+00:00","27.5","45262966784","",""
"single32k","startup","sample","2026-09-25T13:02:07.771945+00:00","28.5","45263339520","",""
"single32k","startup","sample","2026-09-25T13:02:08.809397+00:00","29.547","45179588608","",""
"single32k","startup","sample","2026-09-25T13:02:09.814922+00:00","30.547","45256990720","",""
"single32k","startup","sample","2026-09-25T13:02:11.128686+00:00","31.86","45171945472","",""
"single32k","startup","sample","2026-09-25T13:02:12.133851+00:00","32.875","45839601664","",""
"single32k","startup","sample","2026-09-25T13:02:13.138839+00:00","33.875","46435635200","",""
"single32k","startup","sample","2026-09-25T13:02:14.145595+00:00","34.875","47077732352","",""
"single32k","startup","sample","2026-09-25T13:02:15.150683+00:00","35.891","47920455680","",""
"single32k","startup","sample","2026-09-25T13:02:16.156158+00:00","36.891","47783243776","",""
"single32k","startup","sample","2026-09-25T13:02:17.161395+00:00","37.891","48183197696","",""
"single32k","startup","sample","2026-09-25T13:02:18.166553+00:00","38.907","48224149504","",""
"single32k","startup","sample","2026-09-25T13:02:19.172356+00:00","39.907","48153747456","",""
"single32k","startup","sample","2026-09-25T13:02:20.177752+00:00","40.907","48839667712","",""
"single32k","startup","sample","2026-09-25T13:02:21.184466+00:00","41.922","49436688384","",""
"single32k","startup","sample","2026-09-25T13:02:22.188209+00:00","42.922","49848815616","",""
"single32k","startup","sample","2026-09-25T13:02:23.193837+00:00","43.922","49654251520","",""
"single32k","startup","sample","2026-09-25T13:02:24.199045+00:00","44.938","50240704512","",""
"single32k","startup","sample","2026-09-25T13:02:25.203815+00:00","45.938","50124824576","",""
"single32k","startup","sample","2026-09-25T13:02:26.208721+00:00","46.938","50302578688","",""
"single32k","startup","sample","2026-09-25T13:02:27.213104+00:00","47.954","49771692032","",""
"single32k","startup","sample","2026-09-25T13:02:28.217998+00:00","48.954","49152438272","",""
"single32k","startup","sample","2026-09-25T13:02:29.223150+00:00","49.954","49116749824","",""
"single32k","startup","sample","2026-09-25T13:02:30.229182+00:00","50.969","49109176320","",""
"single32k","startup","sample","2026-09-25T13:02:31.235151+00:00","51.969","48712400896","",""
"single32k","startup","sample","2026-09-25T13:02:32.239571+00:00","52.969","48101183488","",""
"single32k","startup","sample","2026-09-25T13:02:33.245850+00:00","53.985","47978979328","",""
"single32k","startup","sample","2026-09-25T13:02:34.251231+00:00","54.985","47792218112","",""
"single32k","startup","sample","2026-09-25T13:02:35.256674+00:00","55.985","48303947776","",""
"single32k","startup","sample","2026-09-25T13:02:36.262872+00:00","57.0","48725233664","",""
"single32k","startup","sample","2026-09-25T13:02:37.268362+00:00","58.0","49545240576","",""
"single32k","startup","sample","2026-09-25T13:02:38.274014+00:00","59.016","49410105344","",""
"single32k","startup","sample","2026-09-25T13:02:39.278012+00:00","60.016","49787985920","",""
"single32k","startup","sample","2026-09-25T13:02:40.284396+00:00","61.016","50225795072","",""
"single32k","startup","sample","2026-09-25T13:02:41.290612+00:00","62.032","50216034304","",""
"single32k","startup","sample","2026-09-25T13:02:42.295577+00:00","63.032","50207551488","",""
"single32k","startup","sample","2026-09-25T13:02:43.301467+00:00","64.032","49861840896","",""
"single32k","startup","sample","2026-09-25T13:02:44.306694+00:00","65.047","49116921856","",""
"single32k","startup","sample","2026-09-25T13:02:45.311600+00:00","66.047","48972570624","",""
"single32k","startup","sample","2026-09-25T13:02:46.317659+00:00","67.047","48988024832","",""
"single32k","startup","sample","2026-09-25T13:02:47.322938+00:00","68.063","48871878656","",""
"single32k","startup","sample","2026-09-25T13:02:48.328618+00:00","69.063","48743956480","",""
"single32k","startup","sample","2026-09-25T13:02:49.332683+00:00","70.063","49238036480","",""
"single32k","startup","sample","2026-09-25T13:02:50.338898+00:00","71.079","49568714752","",""
"single32k","startup","sample","2026-09-25T13:02:51.345652+00:00","72.079","50104479744","",""
"single32k","startup","sample","2026-09-25T13:02:52.351042+00:00","73.079","50010697728","",""
"single32k","startup","sample","2026-09-25T13:02:53.355913+00:00","74.094","50237550592","",""
"single32k","startup","sample","2026-09-25T13:02:54.360643+00:00","75.094","50144120832","",""
"single32k","startup","sample","2026-09-25T13:02:55.366454+00:00","76.094","49826402304","",""
"single32k","startup","sample","2026-09-25T13:02:56.372568+00:00","77.11","49175236608","",""
"single32k","startup","sample","2026-09-25T13:02:57.377457+00:00","78.11","48828219392","",""
"single32k","startup","sample","2026-09-25T13:02:58.382232+00:00","79.11","48342392832","",""
"single32k","startup","sample","2026-09-25T13:02:59.387958+00:00","80.125","48261537792","",""
"single32k","startup","sample","2026-09-25T13:03:00.393352+00:00","81.125","47480791040","",""
"single32k","startup","sample","2026-09-25T13:03:01.399888+00:00","82.141","46665842688","",""
"single32k","startup","sample","2026-09-25T13:03:02.404439+00:00","83.141","45834940416","",""
"single32k","startup","sample","2026-09-25T13:03:03.409722+00:00","84.141","45143769088","",""
"single32k","startup","sample","2026-09-25T13:03:04.414207+00:00","85.141","44180172800","",""
"single32k","startup","sample","2026-09-25T13:03:05.420378+00:00","86.157","43392774144","",""
"single32k","startup","sample","2026-09-25T13:03:06.426347+00:00","87.157","42118762496","",""
"single32k","startup","sample","2026-09-25T13:03:07.431706+00:00","88.172","40942587904","",""
"single32k","startup","sample","2026-09-25T13:03:08.437380+00:00","89.172","39756476416","",""
"single32k","startup","sample","2026-09-25T13:03:09.442776+00:00","90.172","38442536960","",""
"single32k","startup","sample","2026-09-25T13:03:10.447424+00:00","91.188","37315547136","",""
"single32k","startup","sample","2026-09-25T13:03:11.453806+00:00","92.188","36497039360","",""
"single32k","startup","sample","2026-09-25T13:03:12.458743+00:00","93.188","35353022464","",""
"single32k","startup","sample","2026-09-25T13:03:13.464089+00:00","94.204","34209746944","",""
"single32k","startup","sample","2026-09-25T13:03:14.469777+00:00","95.204","33060147200","",""
"single32k","startup","sample","2026-09-25T13:03:15.474388+00:00","96.204","31891947520","",""
"single32k","startup","sample","2026-09-25T13:03:16.480021+00:00","97.219","30449549312","",""
"single32k","startup","sample","2026-09-25T13:03:17.485338+00:00","98.219","29372227584","",""
"single32k","startup","sample","2026-09-25T13:03:18.490348+00:00","99.219","28336508928","",""
"single32k","startup","sample","2026-09-25T13:03:19.495486+00:00","100.235","27536289792","",""
"single32k","startup","sample","2026-09-25T13:03:20.499732+00:00","101.235","27266002944","",""
"single32k","startup","sample","2026-09-25T13:03:21.506410+00:00","102.235","28307255296","",""
"single32k","startup","sample","2026-09-25T13:03:22.511520+00:00","103.25","28306784256","",""
"single32k","startup","sample","2026-09-25T13:03:23.519761+00:00","104.25","28213227520","",""
"single32k","startup","sample","2026-09-25T13:03:24.527936+00:00","105.266","28153749504","",""
"single32k","startup","sample","2026-09-25T13:03:25.535469+00:00","106.266","28227395584","",""
"single32k","startup","sample","2026-09-25T13:03:26.542017+00:00","107.282","28610322432","",""
"single32k","startup","sample","2026-09-25T13:03:27.549796+00:00","108.282","28610805760","",""
"single32k","startup","sample","2026-09-25T13:03:28.550113+00:00","109.282","28615802880","",""
"single32k","startup","sample","2026-09-25T13:03:29.550581+00:00","110.282","28616941568","",""
"single32k","startup","sample","2026-09-25T13:03:30.550915+00:00","111.282","28619595776","",""
"single32k","startup","sample","2026-09-25T13:03:31.551375+00:00","112.282","28619902976","",""
"single32k","startup","sample","2026-09-25T13:03:32.552060+00:00","113.282","28621471744","",""
"single32k","startup","sample","2026-09-25T13:03:33.552468+00:00","114.282","28631601152","",""
"single32k","startup","sample","2026-09-25T13:03:34.552667+00:00","115.282","28631564288","",""
"single32k","startup","sample","2026-09-25T13:03:35.553287+00:00","116.282","28643135488","",""
"single32k","startup","sample","2026-09-25T13:03:36.554086+00:00","117.282","28643901440","",""
"single32k","startup","sample","2026-09-25T13:03:37.554634+00:00","118.282","28647010304","",""
"single32k","runtime","sample","2026-09-25T13:03:37.933164+00:00","0.234","28635324416","",""
"single32k","runtime","sample","2026-09-25T13:03:38.933958+00:00","1.234","28613013504","",""
"single32k","runtime","sample","2026-09-25T13:03:39.934666+00:00","2.234","28590587904","",""
"single32k","runtime","sample","2026-09-25T13:03:40.934983+00:00","3.234","28637347840","",""
"single32k","runtime","sample","2026-09-25T13:03:41.935512+00:00","4.234","28570537984","",""
"single32k","runtime","sample","2026-09-25T13:03:42.936200+00:00","5.234","28571455488","",""
"single32k","runtime","sample","2026-09-25T13:03:43.936422+00:00","6.234","28570116096","",""
"single32k","runtime","sample","2026-09-25T13:03:44.936635+00:00","7.234","28421337088","",""
"single32k","runtime","sample","2026-09-25T13:03:45.937279+00:00","8.234","28451446784","",""
"single32k","runtime","sample","2026-09-25T13:03:46.937568+00:00","9.234","28561506304","",""
"single32k","runtime","sample","2026-09-25T13:03:47.937816+00:00","10.234","28551147520","",""
"single32k","runtime","sample","2026-09-25T13:03:48.939525+00:00","11.234","28554817536","",""
"single32k","runtime","sample","2026-09-25T13:03:49.939773+00:00","12.234","28554985472","",""
"single32k","runtime","sample","2026-09-25T13:03:50.940409+00:00","13.234","28509306880","",""
"single32k","runtime","sample","2026-09-25T13:03:51.940871+00:00","14.234","28468920320","",""
"single32k","runtime","sample","2026-09-25T13:03:52.941344+00:00","15.234","28524838912","",""
"single32k","runtime","sample","2026-09-25T13:03:53.942061+00:00","16.234","28533215232","",""
"single32k","runtime","sample","2026-09-25T13:03:54.942735+00:00","17.234","28535828480","",""
"single32k","runtime","sample","2026-09-25T13:03:55.943136+00:00","18.234","28537679872","",""
"single32k","runtime","sample","2026-09-25T13:03:56.943754+00:00","19.234","28583309312","",""
"single32k","runtime","sample","2026-09-25T13:03:57.944266+00:00","20.234","28579618816","",""
"single32k","runtime","sample","2026-09-25T13:03:58.945189+00:00","21.234","28577628160","",""
"single32k","runtime","sample","2026-09-25T13:03:59.945839+00:00","22.25","28578951168","",""
"single32k","runtime","sample","2026-09-25T13:04:00.946332+00:00","23.25","28580454400","",""
"single32k","runtime","sample","2026-09-25T13:04:01.946886+00:00","24.25","28576743424","",""
"single32k","runtime","sample","2026-09-25T13:04:02.947351+00:00","25.25","28576559104","",""
"single32k","runtime","sample","2026-09-25T13:04:03.948073+00:00","26.25","28510601216","",""
"single32k","runtime","sample","2026-09-25T13:04:04.948623+00:00","27.25","28569153536","",""
"single32k","runtime","sample","2026-09-25T13:04:05.949218+00:00","28.25","28518584320","",""
"single32k","runtime","sample","2026-09-25T13:04:06.949824+00:00","29.25","28516859904","",""
"single32k","runtime","sample","2026-09-25T13:04:07.950099+00:00","30.25","28575977472","",""
"single32k","runtime","sample","2026-09-25T13:04:08.950516+00:00","31.25","28585623552","",""
"single32k","runtime","sample","2026-09-25T13:04:09.951024+00:00","32.25","28585099264","",""
"single32k","runtime","sample","2026-09-25T13:04:10.951287+00:00","33.25","29046464512","",""
"single256k","startup","sample","2026-09-25T13:05:19.667176+00:00","0.235","53456412672","",""
"single256k","startup","sample","2026-09-25T13:05:20.680796+00:00","1.25","53366439936","",""
"single256k","startup","sample","2026-09-25T13:05:21.683267+00:00","2.25","53277622272","",""
"single256k","startup","sample","2026-09-25T13:05:22.691766+00:00","3.25","53138804736","",""
"single256k","startup","sample","2026-09-25T13:05:23.697538+00:00","4.266","52683751424","",""
"single256k","startup","sample","2026-09-25T13:05:24.703141+00:00","5.266","52258406400","",""
"single256k","startup","sample","2026-09-25T13:05:25.708528+00:00","6.266","51733426176","",""
"single256k","startup","sample","2026-09-25T13:05:26.712744+00:00","7.282","51138752512","",""
"single256k","startup","sample","2026-09-25T13:05:27.718478+00:00","8.282","50854248448","",""
"single256k","startup","sample","2026-09-25T13:05:28.723455+00:00","9.282","50203570176","",""
"single256k","startup","sample","2026-09-25T13:05:29.728677+00:00","10.297","50189946880","",""
"single256k","startup","sample","2026-09-25T13:05:30.734957+00:00","11.297","49643356160","",""
"single256k","startup","sample","2026-09-25T13:05:31.739638+00:00","12.297","50609545216","",""
"single256k","startup","sample","2026-09-25T13:05:32.744545+00:00","13.313","50236993536","",""
"single256k","startup","sample","2026-09-25T13:05:33.750110+00:00","14.313","50279292928","",""
"single256k","startup","sample","2026-09-25T13:05:34.755965+00:00","15.313","50584256512","",""
"single256k","startup","sample","2026-09-25T13:05:35.761003+00:00","16.328","50575052800","",""
"single256k","startup","sample","2026-09-25T13:05:36.766637+00:00","17.328","50565185536","",""
"single256k","startup","sample","2026-09-25T13:05:37.771644+00:00","18.328","49921429504","",""
"single256k","startup","sample","2026-09-25T13:05:38.777863+00:00","19.344","49878794240","",""
"single256k","startup","sample","2026-09-25T13:05:39.783352+00:00","20.344","49630302208","",""
"single256k","startup","sample","2026-09-25T13:05:40.789633+00:00","21.36","49617747968","",""
"single256k","startup","sample","2026-09-25T13:05:41.795034+00:00","22.36","49256910848","",""
"single256k","startup","sample","2026-09-25T13:05:42.800989+00:00","23.36","48615256064","",""
"single256k","startup","sample","2026-09-25T13:05:43.806437+00:00","24.375","48525340672","",""
"single256k","startup","sample","2026-09-25T13:05:44.811505+00:00","25.375","47870832640","",""
"single256k","startup","sample","2026-09-25T13:05:45.816663+00:00","26.375","47837831168","",""
"single256k","startup","sample","2026-09-25T13:05:46.822369+00:00","27.391","47411462144","",""
"single256k","startup","sample","2026-09-25T13:05:47.827808+00:00","28.391","47664607232","",""
"single256k","startup","sample","2026-09-25T13:05:48.832455+00:00","29.391","48190189568","",""
"single256k","startup","sample","2026-09-25T13:05:49.837983+00:00","30.407","47969628160","",""
"single256k","startup","sample","2026-09-25T13:05:50.844571+00:00","31.407","48442605568","",""
"single256k","startup","sample","2026-09-25T13:05:51.849262+00:00","32.407","48191528960","",""
"single256k","startup","sample","2026-09-25T13:05:52.854950+00:00","33.422","48636366848","",""
"single256k","startup","sample","2026-09-25T13:05:53.860050+00:00","34.422","48326160384","",""
"single256k","startup","sample","2026-09-25T13:05:54.865940+00:00","35.422","48399364096","",""
"single256k","startup","sample","2026-09-25T13:05:55.869473+00:00","36.438","48381153280","",""
"single256k","startup","sample","2026-09-25T13:05:56.875121+00:00","37.438","48716566528","",""
"single256k","startup","sample","2026-09-25T13:05:57.879719+00:00","38.438","49011007488","",""
"single256k","startup","sample","2026-09-25T13:05:58.884412+00:00","39.453","49286520832","",""
"single256k","startup","sample","2026-09-25T13:05:59.890268+00:00","40.453","49516580864","",""
"single256k","startup","sample","2026-09-25T13:06:00.896332+00:00","41.453","49916555264","",""
"single256k","startup","sample","2026-09-25T13:06:01.901632+00:00","42.469","50248007680","",""
"single256k","startup","sample","2026-09-25T13:06:02.907276+00:00","43.469","49762832384","",""
"single256k","startup","sample","2026-09-25T13:06:03.912446+00:00","44.469","49357545472","",""
"single256k","startup","sample","2026-09-25T13:06:04.918495+00:00","45.485","49111248896","",""
"single256k","startup","sample","2026-09-25T13:06:05.923672+00:00","46.485","48464330752","",""
"single256k","startup","sample","2026-09-25T13:06:06.929547+00:00","47.485","48527925248","",""
"single256k","startup","sample","2026-09-25T13:06:07.935342+00:00","48.5","48033865728","",""
"single256k","startup","sample","2026-09-25T13:06:08.939984+00:00","49.5","48495394816","",""
"single256k","startup","sample","2026-09-25T13:06:09.945064+00:00","50.5","49088479232","",""
"single256k","startup","sample","2026-09-25T13:06:10.951772+00:00","51.516","49494573056","",""
"single256k","startup","sample","2026-09-25T13:06:11.957963+00:00","52.516","50144366592","",""
"single256k","startup","sample","2026-09-25T13:06:12.961701+00:00","53.532","49998954496","",""
"single256k","startup","sample","2026-09-25T13:06:13.967479+00:00","54.532","50382401536","",""
"single256k","startup","sample","2026-09-25T13:06:14.972206+00:00","55.532","50407133184","",""
"single256k","startup","sample","2026-09-25T13:06:15.977093+00:00","56.547","50220077056","",""
"single256k","startup","sample","2026-09-25T13:06:16.983741+00:00","57.547","49940353024","",""
"single256k","startup","sample","2026-09-25T13:06:17.988443+00:00","58.547","49310453760","",""
"single256k","startup","sample","2026-09-25T13:06:18.993117+00:00","59.563","49004118016","",""
"single256k","startup","sample","2026-09-25T13:06:19.998723+00:00","60.563","48854261760","",""
"single256k","startup","sample","2026-09-25T13:06:21.004687+00:00","61.563","48982065152","",""
"single256k","startup","sample","2026-09-25T13:06:22.009691+00:00","62.578","49301508096","",""
"single256k","startup","sample","2026-09-25T13:06:23.014334+00:00","63.578","49763495936","",""
"single256k","startup","sample","2026-09-25T13:06:24.019374+00:00","64.578","49551097856","",""
"single256k","startup","sample","2026-09-25T13:06:25.023911+00:00","65.578","50125717504","",""
"single256k","startup","sample","2026-09-25T13:06:26.029139+00:00","66.594","50005291008","",""
"single256k","startup","sample","2026-09-25T13:06:27.034843+00:00","67.594","50096807936","",""
"single256k","startup","sample","2026-09-25T13:06:28.039738+00:00","68.61","49604182016","",""
"single256k","startup","sample","2026-09-25T13:06:29.045450+00:00","69.61","49097768960","",""
"single256k","startup","sample","2026-09-25T13:06:30.050897+00:00","70.61","48748593152","",""
"single256k","startup","sample","2026-09-25T13:06:31.056773+00:00","71.625","48754819072","",""
"single256k","startup","sample","2026-09-25T13:06:32.062614+00:00","72.625","49192861696","",""
"single256k","startup","sample","2026-09-25T13:06:33.068244+00:00","73.625","49197355008","",""
"single256k","startup","sample","2026-09-25T13:06:34.072991+00:00","74.641","48500391936","",""
"single256k","startup","sample","2026-09-25T13:06:35.077900+00:00","75.641","47718039552","",""
"single256k","startup","sample","2026-09-25T13:06:36.083549+00:00","76.641","46708097024","",""
"single256k","startup","sample","2026-09-25T13:06:37.087383+00:00","77.657","45553967104","",""
"single256k","startup","sample","2026-09-25T13:06:38.092607+00:00","78.657","44472119296","",""
"single256k","startup","sample","2026-09-25T13:06:39.098777+00:00","79.657","42978295808","",""
"single256k","startup","sample","2026-09-25T13:06:40.104400+00:00","80.672","41808732160","",""
"single256k","startup","sample","2026-09-25T13:06:41.110305+00:00","81.672","41072640000","",""
"single256k","startup","sample","2026-09-25T13:06:42.116065+00:00","82.672","40257359872","",""
"single256k","startup","sample","2026-09-25T13:06:43.120576+00:00","83.688","39010529280","",""
"single256k","startup","sample","2026-09-25T13:06:44.126246+00:00","84.688","37706510336","",""
"single256k","startup","sample","2026-09-25T13:06:45.132218+00:00","85.688","36450082816","",""
"single256k","startup","sample","2026-09-25T13:06:46.137566+00:00","86.703","35781840896","",""
"single256k","startup","sample","2026-09-25T13:06:47.141080+00:00","87.703","34700394496","",""
"single256k","startup","sample","2026-09-25T13:06:48.145267+00:00","88.703","33474650112","",""
"single256k","startup","sample","2026-09-25T13:06:49.150036+00:00","89.719","32321028096","",""
"single256k","startup","sample","2026-09-25T13:06:50.155982+00:00","90.719","31187013632","",""
"single256k","startup","sample","2026-09-25T13:06:51.160882+00:00","91.719","29993283584","",""
"single256k","startup","sample","2026-09-25T13:06:52.166488+00:00","92.735","29042987008","",""
"single256k","startup","sample","2026-09-25T13:06:53.172058+00:00","93.735","28051492864","",""
"single256k","startup","sample","2026-09-25T13:06:54.177286+00:00","94.735","27585536000","",""
"single256k","startup","sample","2026-09-25T13:06:55.182156+00:00","95.75","26523258880","",""
"single256k","startup","sample","2026-09-25T13:06:56.188132+00:00","96.75","26694381568","",""
"single256k","startup","sample","2026-09-25T13:06:57.195998+00:00","97.766","27063394304","",""
"single256k","startup","sample","2026-09-25T13:06:58.203596+00:00","98.766","27052285952","",""
"single256k","startup","sample","2026-09-25T13:06:59.209025+00:00","99.766","26794057728","",""
"single256k","startup","sample","2026-09-25T13:07:00.218153+00:00","100.782","26933104640","",""
"single256k","startup","sample","2026-09-25T13:07:01.223873+00:00","101.782","27218972672","",""
"single256k","startup","sample","2026-09-25T13:07:02.231453+00:00","102.797","27268218880","",""
"single256k","startup","sample","2026-09-25T13:07:03.232004+00:00","103.797","27280990208","",""
"single256k","startup","sample","2026-09-25T13:07:04.232471+00:00","104.797","27285241856","",""
"single256k","startup","sample","2026-09-25T13:07:05.232787+00:00","105.797","27286413312","",""
"single256k","startup","sample","2026-09-25T13:07:06.233048+00:00","106.797","27288051712","",""
"single256k","startup","sample","2026-09-25T13:07:07.233644+00:00","107.797","27288657920","",""
"single256k","startup","sample","2026-09-25T13:07:08.234046+00:00","108.797","27289292800","",""
"single256k","startup","sample","2026-09-25T13:07:09.234611+00:00","109.797","27290894336","",""
"single256k","startup","sample","2026-09-25T13:07:10.234995+00:00","110.797","27290255360","",""
"single256k","startup","sample","2026-09-25T13:07:11.235748+00:00","111.797","27317268480","",""
"single256k","startup","sample","2026-09-25T13:07:12.236057+00:00","112.797","27320569856","",""
"single256k","runtime","sample","2026-09-25T13:07:12.617882+00:00","0.235","27313315840","",""
"single256k","runtime","sample","2026-09-25T13:07:13.618907+00:00","1.235","27248353280","",""
"single256k","runtime","sample","2026-09-25T13:07:14.619364+00:00","2.235","27226734592","",""
"single256k","runtime","sample","2026-09-25T13:07:15.619955+00:00","3.235","27275608064","",""
"single256k","runtime","sample","2026-09-25T13:07:16.620640+00:00","4.235","27180949504","",""
"single256k","runtime","sample","2026-09-25T13:07:17.621254+00:00","5.235","27119104000","",""
"single256k","runtime","sample","2026-09-25T13:07:18.622146+00:00","6.235","26723160064","",""
"single256k","runtime","sample","2026-09-25T13:07:19.622953+00:00","7.235","26714943488","",""
"single256k","runtime","sample","2026-09-25T13:07:20.623588+00:00","8.235","26715193344","",""
"single256k","runtime","sample","2026-09-25T13:07:21.624280+00:00","9.235","26705883136","",""
"single256k","runtime","sample","2026-09-25T13:07:22.625248+00:00","10.235","26708967424","",""
"single256k","runtime","sample","2026-09-25T13:07:23.625841+00:00","11.235","26654007296","",""
"single256k","runtime","sample","2026-09-25T13:07:24.626220+00:00","12.235","26511708160","",""
"single256k","runtime","sample","2026-09-25T13:07:25.626452+00:00","13.235","26475798528","",""
"single256k","runtime","sample","2026-09-25T13:07:26.627178+00:00","14.235","26424262656","",""
"single256k","runtime","sample","2026-09-25T13:07:27.627791+00:00","15.235","26489040896","",""
"single256k","runtime","sample","2026-09-25T13:07:28.628719+00:00","16.235","26484719616","",""
"single256k","runtime","sample","2026-09-25T13:07:29.629329+00:00","17.235","26475126784","",""
"single256k","runtime","sample","2026-09-25T13:07:30.630037+00:00","18.235","26475798528","",""
"single256k","runtime","sample","2026-09-25T13:07:31.630700+00:00","19.235","26484342784","",""
"single256k","runtime","sample","2026-09-25T13:07:32.631437+00:00","20.235","26484756480","",""
"single256k","runtime","sample","2026-09-25T13:07:33.632001+00:00","21.235","26490327040","",""
"single256k","runtime","sample","2026-09-25T13:07:34.632418+00:00","22.235","26489200640","",""
"single256k","runtime","sample","2026-09-25T13:07:35.632885+00:00","23.235","26489290752","",""
"single256k","runtime","sample","2026-09-25T13:07:36.633598+00:00","24.25","26491404288","",""
"single256k","runtime","sample","2026-09-25T13:07:37.634320+00:00","25.25","26489413632","",""
"single256k","runtime","sample","2026-09-25T13:07:38.635586+00:00","26.25","26417631232","",""
"single256k","runtime","sample","2026-09-25T13:07:39.636170+00:00","27.25","26416332800","",""
"single256k","runtime","sample","2026-09-25T13:07:40.636906+00:00","28.25","26489221120","",""
"single256k","runtime","sample","2026-09-25T13:07:41.637467+00:00","29.25","26514481152","",""
"single256k","runtime","sample","2026-09-25T13:07:42.637799+00:00","30.25","26488016896","",""
"single256k","runtime","sample","2026-09-25T13:07:43.638496+00:00","31.25","26418245632","",""
"single256k","runtime","sample","2026-09-25T13:07:44.638972+00:00","32.25","26482126848","",""
"single256k","runtime","sample","2026-09-25T13:07:45.639567+00:00","33.25","26481868800","",""
"single256k","runtime","sample","2026-09-25T13:07:46.640001+00:00","34.25","26488729600","",""
"single256k","runtime","sample","2026-09-25T13:07:47.640312+00:00","35.25","26513022976","",""
"single256k","runtime","sample","2026-09-25T13:07:48.641308+00:00","36.25","26514522112","",""
"single256k","runtime","sample","2026-09-25T13:07:49.641613+00:00","37.25","26517032960","",""
"single256k","runtime","sample","2026-09-25T13:07:50.642325+00:00","38.25","26515460096","",""
"single256k","runtime","sample","2026-09-25T13:07:51.642943+00:00","39.25","26437918720","",""
"single256k","runtime","sample","2026-09-25T13:07:52.643465+00:00","40.25","26431524864","",""
"single256k","runtime","sample","2026-09-25T13:07:53.644190+00:00","41.25","26501246976","",""
"single256k","runtime","sample","2026-09-25T13:07:54.644866+00:00","42.25","26511081472","",""
"single256k","runtime","sample","2026-09-25T13:07:55.645156+00:00","43.25","26511134720","",""
"single256k","runtime","sample","2026-09-25T13:07:56.645762+00:00","44.25","26502377472","",""
"single256k","runtime","sample","2026-09-25T13:07:57.646116+00:00","45.25","26503700480","",""
"single256k","runtime","sample","2026-09-25T13:07:58.647119+00:00","46.25","26503012352","",""
"single256k","runtime","sample","2026-09-25T13:07:59.647878+00:00","47.25","26466684928","",""
"single256k","runtime","sample","2026-09-25T13:08:00.648630+00:00","48.25","26498928640","",""
"single256k","runtime","sample","2026-09-25T13:08:01.649326+00:00","49.266","26556805120","",""
"single256k","runtime","sample","2026-09-25T13:08:02.650165+00:00","50.266","26557493248","",""
"single256k","runtime","sample","2026-09-25T13:08:03.650502+00:00","51.266","26554814464","",""
"single256k","runtime","sample","2026-09-25T13:08:04.651238+00:00","52.266","26482978816","",""
"single256k","runtime","sample","2026-09-25T13:08:05.651515+00:00","53.266","26480119808","",""
"single256k","runtime","sample","2026-09-25T13:08:06.652372+00:00","54.266","26551111680","",""
"single256k","runtime","sample","2026-09-25T13:08:07.653181+00:00","55.266","26559459328","",""
"single256k","runtime","sample","2026-09-25T13:08:08.654164+00:00","56.266","26557841408","",""
"single256k","runtime","sample","2026-09-25T13:08:09.654805+00:00","57.266","26551492608","",""
"single256k","runtime","sample","2026-09-25T13:08:10.655420+00:00","58.266","26554150912","",""
"single256k","runtime","sample","2026-09-25T13:08:11.655852+00:00","59.266","26554482688","",""
"single256k","runtime","sample","2026-09-25T13:08:12.656375+00:00","60.266","26554933248","",""
"single256k","runtime","sample","2026-09-25T13:08:13.657136+00:00","61.266","26582929408","",""
"single256k","runtime","sample","2026-09-25T13:08:14.657711+00:00","62.266","26577379328","",""
"single256k","runtime","sample","2026-09-25T13:08:15.658403+00:00","63.266","26578710528","",""
"single256k","runtime","sample","2026-09-25T13:08:16.659157+00:00","64.266","26573348864","",""
"single256k","runtime","sample","2026-09-25T13:08:17.659421+00:00","65.266","26541871104","",""
"single256k","runtime","sample","2026-09-25T13:08:18.660368+00:00","66.266","26543067136","",""
"single256k","runtime","sample","2026-09-25T13:08:19.661196+00:00","67.266","26543386624","",""
"single256k","runtime","sample","2026-09-25T13:08:20.661655+00:00","68.266","26544054272","",""
"single256k","runtime","sample","2026-09-25T13:08:21.661999+00:00","69.266","26500792320","",""
"single256k","runtime","sample","2026-09-25T13:08:22.662314+00:00","70.266","26374664192","",""
"single256k","runtime","sample","2026-09-25T13:08:23.663263+00:00","71.266","26472800256","",""
"single256k","runtime","sample","2026-09-25T13:08:24.663763+00:00","72.266","26473988096","",""
"single256k","runtime","sample","2026-09-25T13:08:25.664705+00:00","73.282","26517602304","",""
"single256k","runtime","sample","2026-09-25T13:08:26.665203+00:00","74.282","26513629184","",""
"single256k","runtime","sample","2026-09-25T13:08:27.665927+00:00","75.282","26513055744","",""
"single256k","runtime","sample","2026-09-25T13:08:28.666678+00:00","76.282","26514403328","",""
"single256k","runtime","sample","2026-09-25T13:08:29.667242+00:00","77.282","26513936384","",""
"single256k","runtime","sample","2026-09-25T13:08:30.667970+00:00","78.282","26513461248","",""
"single256k","runtime","sample","2026-09-25T13:08:31.668273+00:00","79.282","26514939904","",""
"single256k","runtime","sample","2026-09-25T13:08:32.668863+00:00","80.282","26516074496","",""
"single256k","runtime","sample","2026-09-25T13:08:33.669926+00:00","81.282","26522865664","",""
"single256k","runtime","sample","2026-09-25T13:08:34.670559+00:00","82.282","26479230976","",""
"single256k","runtime","sample","2026-09-25T13:08:35.671135+00:00","83.282","26441031680","",""
"single256k","runtime","sample","2026-09-25T13:08:36.671468+00:00","84.282","26445094912","",""
"single256k","runtime","sample","2026-09-25T13:08:37.672039+00:00","85.282","26510147584","",""
"single256k","runtime","sample","2026-09-25T13:08:38.672671+00:00","86.282","26510704640","",""
"single256k","runtime","sample","2026-09-25T13:08:39.673232+00:00","87.282","26513592320","",""
"single256k","runtime","sample","2026-09-25T13:08:40.673770+00:00","88.282","26508443648","",""
"single256k","runtime","sample","2026-09-25T13:08:41.674154+00:00","89.282","26509422592","",""
"single256k","runtime","sample","2026-09-25T13:08:42.674504+00:00","90.282","26508546048","",""
"single256k","runtime","sample","2026-09-25T13:08:43.675253+00:00","91.282","26513690624","",""
"single256k","runtime","sample","2026-09-25T13:08:44.675670+00:00","92.282","26524819456","",""
"single256k","runtime","sample","2026-09-25T13:08:45.676094+00:00","93.282","26529210368","",""
"single256k","runtime","sample","2026-09-25T13:08:46.676794+00:00","94.282","26531495936","",""
"single256k","runtime","sample","2026-09-25T13:08:47.677426+00:00","95.282","26505924608","",""
"single256k","runtime","sample","2026-09-25T13:08:48.678143+00:00","96.282","26473086976","",""
"single256k","runtime","sample","2026-09-25T13:08:49.679006+00:00","97.282","26460205056","",""
"single256k","runtime","sample","2026-09-25T13:08:50.679570+00:00","98.282","26527936512","",""
"single256k","runtime","sample","2026-09-25T13:08:51.679871+00:00","99.282","26532708352","",""
"single256k","runtime","sample","2026-09-25T13:08:52.680519+00:00","100.297","26543452160","",""
"single256k","runtime","sample","2026-09-25T13:08:53.681165+00:00","101.297","26532638720","",""
"single256k","runtime","sample","2026-09-25T13:08:54.681936+00:00","102.297","26540978176","",""
"single256k","runtime","sample","2026-09-25T13:08:55.682484+00:00","103.297","26543206400","",""
"single256k","runtime","sample","2026-09-25T13:08:56.683400+00:00","104.297","26541998080","",""
"single256k","runtime","sample","2026-09-25T13:08:57.684142+00:00","105.297","26543788032","",""
"single256k","runtime","sample","2026-09-25T13:08:58.685054+00:00","106.297","26544988160","",""
"single256k","runtime","sample","2026-09-25T13:08:59.686173+00:00","107.297","26547924992","",""
"single256k","runtime","sample","2026-09-25T13:09:00.686676+00:00","108.297","26516627456","",""
"single256k","runtime","sample","2026-09-25T13:09:01.687028+00:00","109.297","26483564544","",""
"single256k","runtime","sample","2026-09-25T13:09:02.687530+00:00","110.297","26460504064","",""
"single256k","runtime","sample","2026-09-25T13:09:03.687957+00:00","111.297","26525147136","",""
"single256k","runtime","sample","2026-09-25T13:09:04.688892+00:00","112.297","26541887488","",""
"single256k","runtime","sample","2026-09-25T13:09:05.689502+00:00","113.297","26535780352","",""
"single256k","runtime","sample","2026-09-25T13:09:06.690245+00:00","114.297","26533646336","",""
"single256k","runtime","sample","2026-09-25T13:09:07.690768+00:00","115.297","26533437440","",""
"single256k","runtime","sample","2026-09-25T13:09:08.691545+00:00","116.297","26532626432","",""
"single256k","runtime","sample","2026-09-25T13:09:09.692107+00:00","117.297","26532835328","",""
"single256k","runtime","sample","2026-09-25T13:09:10.692586+00:00","118.297","26532597760","",""
"single256k","runtime","sample","2026-09-25T13:09:11.693213+00:00","119.297","26535518208","",""
"single256k","runtime","sample","2026-09-25T13:09:12.694282+00:00","120.297","26538704896","",""
"single256k","runtime","sample","2026-09-25T13:09:13.694667+00:00","121.297","26480447488","",""
"single256k","runtime","sample","2026-09-25T13:09:14.695286+00:00","122.297","26468089856","",""
"single256k","runtime","sample","2026-09-25T13:09:15.696044+00:00","123.313","26478768128","",""
"single256k","runtime","sample","2026-09-25T13:09:16.696564+00:00","124.313","26541801472","",""
"single256k","runtime","sample","2026-09-25T13:09:17.697010+00:00","125.313","26544963584","",""
"single256k","runtime","sample","2026-09-25T13:09:18.697790+00:00","126.313","26547638272","",""
"single256k","runtime","sample","2026-09-25T13:09:19.698448+00:00","127.313","26542383104","",""
"single256k","runtime","sample","2026-09-25T13:09:20.698857+00:00","128.313","26542198784","",""
"single256k","runtime","sample","2026-09-25T13:09:21.699297+00:00","129.313","26544013312","",""
"single256k","runtime","sample","2026-09-25T13:09:22.700077+00:00","130.313","26544435200","",""
"single256k","runtime","sample","2026-09-25T13:09:23.700698+00:00","131.313","26547306496","",""
"single256k","runtime","sample","2026-09-25T13:09:24.701543+00:00","132.313","26540974080","",""
"single256k","runtime","sample","2026-09-25T13:09:25.701961+00:00","133.313","26543435776","",""
"single256k","runtime","sample","2026-09-25T13:09:26.702874+00:00","134.313","26493976576","",""
"single256k","runtime","sample","2026-09-25T13:09:27.703316+00:00","135.313","26474991616","",""
"single256k","runtime","sample","2026-09-25T13:09:28.703938+00:00","136.313","26480414720","",""
"single256k","runtime","sample","2026-09-25T13:09:29.704740+00:00","137.313","26548563968","",""
"single256k","runtime","sample","2026-09-25T13:09:30.705286+00:00","138.313","26550820864","",""
"single256k","runtime","sample","2026-09-25T13:09:31.705788+00:00","139.313","26552410112","",""
"single256k","runtime","sample","2026-09-25T13:09:32.706299+00:00","140.313","26547621888","",""
"single256k","runtime","sample","2026-09-25T13:09:33.707019+00:00","141.313","26550857728","",""
"single256k","runtime","sample","2026-09-25T13:09:34.707492+00:00","142.313","26547826688","",""
"single256k","runtime","sample","2026-09-25T13:09:35.708240+00:00","143.313","26547978240","",""
"single256k","runtime","sample","2026-09-25T13:09:36.708853+00:00","144.313","26547785728","",""
"single256k","runtime","sample","2026-09-25T13:09:37.709444+00:00","145.313","26547961856","",""
"single256k","runtime","sample","2026-09-25T13:09:38.710052+00:00","146.313","26551848960","",""
"single256k","runtime","sample","2026-09-25T13:09:39.711075+00:00","147.313","26503639040","",""
"single256k","runtime","sample","2026-09-25T13:09:40.711797+00:00","148.329","26474881024","",""
"single256k","runtime","sample","2026-09-25T13:09:41.712403+00:00","149.329","26546245632","",""
"single256k","runtime","sample","2026-09-25T13:09:42.713020+00:00","150.329","26547519488","",""
"single256k","runtime","sample","2026-09-25T13:09:43.713556+00:00","151.329","26541387776","",""
"single256k","runtime","sample","2026-09-25T13:09:44.714299+00:00","152.329","26546524160","",""
"single256k","runtime","sample","2026-09-25T13:09:45.714588+00:00","153.329","26565013504","",""
"single256k","runtime","sample","2026-09-25T13:09:46.715332+00:00","154.329","26564534272","",""
"single256k","runtime","sample","2026-09-25T13:09:47.716156+00:00","155.329","26450354176","",""
"single256k","runtime","sample","2026-09-25T13:09:48.717023+00:00","156.329","26484400128","",""
"single256k","runtime","sample","2026-09-25T13:09:49.717735+00:00","157.329","26031091712","",""
"single256k","runtime","sample","2026-09-25T13:09:50.718476+00:00","158.329","26504691712","",""
"single256k","runtime","sample","2026-09-25T13:09:51.719245+00:00","159.329","26515910656","",""
"single256k","runtime","sample","2026-09-25T13:09:52.720009+00:00","160.329","26475671552","",""
"single256k","runtime","sample","2026-09-25T13:09:53.720656+00:00","161.329","26438049792","",""
"single256k","runtime","sample","2026-09-25T13:09:54.721154+00:00","162.329","26439606272","",""
"single256k","runtime","sample","2026-09-25T13:09:55.721891+00:00","163.329","26509713408","",""
"single256k","runtime","sample","2026-09-25T13:09:56.722582+00:00","164.329","26515738624","",""
"single256k","runtime","sample","2026-09-25T13:09:57.723091+00:00","165.329","26523279360","",""
"single256k","runtime","sample","2026-09-25T13:09:58.723917+00:00","166.329","26513891328","",""
"single256k","runtime","sample","2026-09-25T13:09:59.724757+00:00","167.329","26514436096","",""
"single256k","runtime","sample","2026-09-25T13:10:00.725308+00:00","168.329","26512715776","",""
"single256k","runtime","sample","2026-09-25T13:10:01.725804+00:00","169.329","26517131264","",""
"single256k","runtime","sample","2026-09-25T13:10:02.727071+00:00","170.344","26526683136","",""
"single256k","runtime","sample","2026-09-25T13:10:03.727742+00:00","171.344","26525114368","",""
"single256k","runtime","sample","2026-09-25T13:10:04.728579+00:00","172.344","26524696576","",""
"single256k","runtime","sample","2026-09-25T13:10:05.729212+00:00","173.344","26484404224","",""
"single256k","runtime","sample","2026-09-25T13:10:06.729753+00:00","174.344","26459197440","",""
"single256k","runtime","sample","2026-09-25T13:10:07.730457+00:00","175.344","26442018816","",""
"single256k","runtime","sample","2026-09-25T13:10:08.731366+00:00","176.344","26516160512","",""
"single256k","runtime","sample","2026-09-25T13:10:09.731761+00:00","177.344","26524884992","",""
"single256k","runtime","sample","2026-09-25T13:10:10.732720+00:00","178.344","26377506816","",""
"single256k","runtime","sample","2026-09-25T13:10:11.733372+00:00","179.344","26482294784","",""
"single256k","runtime","sample","2026-09-25T13:10:12.734055+00:00","180.344","26312560640","",""
"single256k","runtime","sample","2026-09-25T13:10:13.735196+00:00","181.344","26122031104","",""
"single256k","runtime","sample","2026-09-25T13:10:14.735889+00:00","182.344","26065616896","",""
"single256k","runtime","sample","2026-09-25T13:10:15.736474+00:00","183.344","26478116864","",""
"single256k","runtime","sample","2026-09-25T13:10:16.736846+00:00","184.344","26512293888","",""
"single256k","runtime","sample","2026-09-25T13:10:17.737843+00:00","185.344","26519863296","",""
"single256k","runtime","sample","2026-09-25T13:10:18.738485+00:00","186.344","26490732544","",""
"single256k","runtime","sample","2026-09-25T13:10:19.738992+00:00","187.344","26451132416","",""
"single256k","runtime","sample","2026-09-25T13:10:20.739821+00:00","188.344","26438864896","",""
"single256k","runtime","sample","2026-09-25T13:10:21.754611+00:00","189.36","26521272320","",""
"single256k","runtime","sample","2026-09-25T13:10:22.755797+00:00","190.36","26511368192","",""
"single256k","runtime","sample","2026-09-25T13:10:23.757641+00:00","191.36","26509221888","",""
"single256k","runtime","sample","2026-09-25T13:10:24.758410+00:00","192.375","26500177920","",""
"single256k","runtime","sample","2026-09-25T13:10:25.759249+00:00","193.375","26505478144","",""
"single256k","runtime","sample","2026-09-25T13:10:26.759764+00:00","194.375","26506891264","",""
"single256k","runtime","sample","2026-09-25T13:10:27.760206+00:00","195.375","26507296768","",""
"single256k","runtime","sample","2026-09-25T13:10:28.760987+00:00","196.375","26506739712","",""
"single256k","runtime","sample","2026-09-25T13:10:29.761382+00:00","197.375","26506907648","",""
"single256k","runtime","sample","2026-09-25T13:10:30.761956+00:00","198.375","26508738560","",""
"single256k","runtime","sample","2026-09-25T13:10:31.762716+00:00","199.375","26511257600","",""
"single256k","runtime","sample","2026-09-25T13:10:32.763142+00:00","200.375","26434846720","",""
"single256k","runtime","sample","2026-09-25T13:10:33.763875+00:00","201.375","26424152064","",""
"single256k","runtime","sample","2026-09-25T13:10:34.764298+00:00","202.375","26503004160","",""
"single256k","runtime","sample","2026-09-25T13:10:35.765001+00:00","203.375","26506964992","",""
"single256k","runtime","sample","2026-09-25T13:10:36.765443+00:00","204.375","26505011200","",""
"single256k","runtime","sample","2026-09-25T13:10:37.766206+00:00","205.375","26497871872","",""
"single256k","runtime","sample","2026-09-25T13:10:38.766897+00:00","206.375","26496434176","",""
"single256k","runtime","sample","2026-09-25T13:10:39.767468+00:00","207.375","26506579968","",""
"single256k","runtime","sample","2026-09-25T13:10:40.768388+00:00","208.375","26504601600","",""
"single256k","runtime","sample","2026-09-25T13:10:41.769178+00:00","209.375","26507313152","",""
"single256k","runtime","sample","2026-09-25T13:10:42.770060+00:00","210.375","26507149312","",""
"single256k","runtime","sample","2026-09-25T13:10:43.770787+00:00","211.375","26510651392","",""
"single256k","runtime","sample","2026-09-25T13:10:44.771406+00:00","212.375","26508066816","",""
"single256k","runtime","sample","2026-09-25T13:10:45.772085+00:00","213.375","26456793088","",""
"single256k","runtime","sample","2026-09-25T13:10:46.772651+00:00","214.375","26438172672","",""
"single256k","runtime","sample","2026-09-25T13:10:47.774134+00:00","215.391","26482192384","",""
"single256k","runtime","sample","2026-09-25T13:10:48.775142+00:00","216.391","26553053184","",""
"single256k","runtime","sample","2026-09-25T13:10:49.775505+00:00","217.391","26555998208","",""
"single256k","runtime","sample","2026-09-25T13:10:50.775952+00:00","218.391","26558918656","",""
"single256k","runtime","sample","2026-09-25T13:10:51.776406+00:00","219.391","26551627776","",""
"single256k","runtime","sample","2026-09-25T13:10:52.776861+00:00","220.391","26552922112","",""
"single256k","runtime","sample","2026-09-25T13:10:53.777769+00:00","221.391","26557009920","",""
"single256k","runtime","sample","2026-09-25T13:10:54.778865+00:00","222.391","26552446976","",""
"single256k","runtime","sample","2026-09-25T13:10:55.779264+00:00","223.391","26552254464","",""
"single256k","runtime","sample","2026-09-25T13:10:56.779732+00:00","224.391","26553036800","",""
"single256k","runtime","sample","2026-09-25T13:10:57.780582+00:00","225.391","26571698176","",""
"single256k","runtime","sample","2026-09-25T13:10:58.781691+00:00","226.391","26519339008","",""
"single256k","runtime","sample","2026-09-25T13:10:59.782471+00:00","227.391","26490634240","",""
"single256k","runtime","sample","2026-09-25T13:11:00.782927+00:00","228.391","26465157120","",""
"single256k","runtime","sample","2026-09-25T13:11:01.783388+00:00","229.391","26553675776","",""
"single256k","runtime","sample","2026-09-25T13:11:02.783967+00:00","230.391","26562985984","",""
"single256k","runtime","sample","2026-09-25T13:11:03.784488+00:00","231.391","26555555840","",""
"single256k","runtime","sample","2026-09-25T13:11:04.785618+00:00","232.391","26551664640","",""
"single256k","runtime","sample","2026-09-25T13:11:05.785951+00:00","233.391","26562670592","",""
"single256k","runtime","sample","2026-09-25T13:11:06.786559+00:00","234.391","26563203072","",""
"single256k","runtime","sample","2026-09-25T13:11:07.787279+00:00","235.391","26564857856","",""
"single256k","runtime","sample","2026-09-25T13:11:08.789238+00:00","236.391","26564317184","",""
"single256k","runtime","sample","2026-09-25T13:11:09.789763+00:00","237.407","26553573376","",""
"single256k","runtime","sample","2026-09-25T13:11:10.790196+00:00","238.407","26547834880","",""
"single256k","runtime","sample","2026-09-25T13:11:11.790505+00:00","239.407","26523631616","",""
"single256k","runtime","sample","2026-09-25T13:11:12.790983+00:00","240.407","26480766976","",""
"single256k","runtime","sample","2026-09-25T13:11:13.792761+00:00","241.407","26461331456","",""
"single256k","runtime","sample","2026-09-25T13:11:14.793499+00:00","242.407","26532524032","",""
"single256k","runtime","sample","2026-09-25T13:11:15.794450+00:00","243.407","26539311104","",""
"single256k","runtime","sample","2026-09-25T13:11:16.794945+00:00","244.407","26530516992","",""
"single256k","runtime","sample","2026-09-25T13:11:17.795299+00:00","245.407","26528636928","",""
"single256k","runtime","sample","2026-09-25T13:11:18.796095+00:00","246.407","26532069376","",""
"single256k","runtime","sample","2026-09-25T13:11:19.796577+00:00","247.407","26544365568","",""
"single256k","runtime","sample","2026-09-25T13:11:20.797141+00:00","248.407","26544259072","",""
"single256k","runtime","sample","2026-09-25T13:11:21.797621+00:00","249.407","26543198208","",""
"single256k","runtime","sample","2026-09-25T13:11:22.798357+00:00","250.407","26545283072","",""
"single256k","runtime","sample","2026-09-25T13:11:23.799238+00:00","251.407","26550259712","",""
"single256k","runtime","sample","2026-09-25T13:11:24.799710+00:00","252.407","26542403584","",""
"single256k","runtime","sample","2026-09-25T13:11:25.800392+00:00","253.407","26470354944","",""
"single256k","runtime","sample","2026-09-25T13:11:26.801286+00:00","254.407","26462728192","",""
"single256k","runtime","sample","2026-09-25T13:11:27.801649+00:00","255.407","26543714304","",""
"single256k","runtime","sample","2026-09-25T13:11:28.802776+00:00","256.407","26534174720","",""
"single256k","runtime","sample","2026-09-25T13:11:29.803351+00:00","257.407","26536300544","",""
"single256k","runtime","sample","2026-09-25T13:11:30.803842+00:00","258.407","26530721792","",""
"single256k","runtime","sample","2026-09-25T13:11:31.804465+00:00","259.407","26533629952","",""
"single256k","runtime","sample","2026-09-25T13:11:32.804856+00:00","260.407","26538700800","",""
"single256k","runtime","sample","2026-09-25T13:11:33.805607+00:00","261.422","26542579712","",""
"single256k","runtime","sample","2026-09-25T13:11:34.806182+00:00","262.422","26536509440","",""
"single256k","runtime","sample","2026-09-25T13:11:35.806933+00:00","263.422","26537590784","",""
"single256k","runtime","sample","2026-09-25T13:11:36.807854+00:00","264.422","26536472576","",""
"single256k","runtime","sample","2026-09-25T13:11:37.808508+00:00","265.422","26535116800","",""
"single256k","runtime","sample","2026-09-25T13:11:38.809438+00:00","266.422","26475356160","",""
"single256k","runtime","sample","2026-09-25T13:11:39.809880+00:00","267.422","26458857472","",""
"single256k","runtime","sample","2026-09-25T13:11:40.810385+00:00","268.422","26527883264","",""
"single256k","runtime","sample","2026-09-25T13:11:41.810879+00:00","269.422","26536570880","",""
"single256k","runtime","sample","2026-09-25T13:11:42.811587+00:00","270.422","26538610688","",""
"single256k","runtime","sample","2026-09-25T13:11:43.812268+00:00","271.422","26526023680","",""
"single256k","runtime","sample","2026-09-25T13:11:44.812837+00:00","272.422","26530185216","",""
"single256k","runtime","sample","2026-09-25T13:11:45.813635+00:00","273.422","26530549760","",""
"single256k","runtime","sample","2026-09-25T13:11:46.814009+00:00","274.422","26530566144","",""
"single256k","runtime","sample","2026-09-25T13:11:47.814747+00:00","275.422","26539909120","",""
"single256k","runtime","sample","2026-09-25T13:11:48.815844+00:00","276.422","26539667456","",""
"single256k","runtime","sample","2026-09-25T13:11:49.816502+00:00","277.422","26557730816","",""
"single256k","runtime","sample","2026-09-25T13:11:50.816948+00:00","278.422","26555842560","",""
"single256k","runtime","sample","2026-09-25T13:11:51.817554+00:00","279.422","26481393664","",""
"single256k","runtime","sample","2026-09-25T13:11:52.818184+00:00","280.422","26484547584","",""
"single256k","runtime","sample","2026-09-25T13:11:53.819238+00:00","281.422","26546876416","",""
"single256k","runtime","sample","2026-09-25T13:11:54.820304+00:00","282.422","26558361600","",""
"single256k","runtime","sample","2026-09-25T13:11:55.820864+00:00","283.438","26554556416","",""
"single256k","runtime","sample","2026-09-25T13:11:56.821308+00:00","284.438","26549170176","",""
"single256k","runtime","sample","2026-09-25T13:11:57.821707+00:00","285.438","26548187136","",""
"single256k","runtime","sample","2026-09-25T13:11:58.823252+00:00","286.438","26550075392","",""
"single256k","runtime","sample","2026-09-25T13:11:59.823854+00:00","287.438","26550124544","",""
"single256k","runtime","sample","2026-09-25T13:12:00.824813+00:00","288.438","26551193600","",""
"single256k","runtime","sample","2026-09-25T13:12:01.825338+00:00","289.438","26551992320","",""
"single256k","runtime","sample","2026-09-25T13:12:02.826056+00:00","290.438","26555277312","",""
"single256k","runtime","sample","2026-09-25T13:12:03.827040+00:00","291.438","26552659968","",""
"single256k","runtime","sample","2026-09-25T13:12:04.827734+00:00","292.438","26467573760","",""
"single256k","runtime","sample","2026-09-25T13:12:05.828009+00:00","293.438","26467106816","",""
"single256k","runtime","sample","2026-09-25T13:12:06.829393+00:00","294.438","26543923200","",""
"single256k","runtime","sample","2026-09-25T13:12:07.829946+00:00","295.438","26548101120","",""
"single256k","runtime","sample","2026-09-25T13:12:08.831042+00:00","296.438","26542718976","",""
"single256k","runtime","sample","2026-09-25T13:12:09.831577+00:00","297.438","26547732480","",""
"single256k","runtime","sample","2026-09-25T13:12:10.832029+00:00","298.438","26560864256","",""
"single256k","runtime","sample","2026-09-25T13:12:11.832674+00:00","299.438","26561736704","",""
"single256k","runtime","sample","2026-09-25T13:12:12.833071+00:00","300.438","26566979584","",""
"single256k","runtime","sample","2026-09-25T13:12:13.834016+00:00","301.438","26568204288","",""
"single256k","runtime","sample","2026-09-25T13:12:14.834646+00:00","302.438","26561753088","",""
"single256k","runtime","sample","2026-09-25T13:12:15.835332+00:00","303.438","26568712192","",""
"single256k","runtime","sample","2026-09-25T13:12:16.836106+00:00","304.438","26566914048","",""
"single256k","runtime","sample","2026-09-25T13:12:17.836827+00:00","305.454","26494783488","",""
"single256k","runtime","sample","2026-09-25T13:12:18.837762+00:00","306.454","26486661120","",""
"single256k","runtime","sample","2026-09-25T13:12:19.838199+00:00","307.454","26564141056","",""
"single256k","runtime","sample","2026-09-25T13:12:20.838868+00:00","308.454","26576232448","",""
"single256k","runtime","sample","2026-09-25T13:12:21.839515+00:00","309.454","26522476544","",""
"single256k","runtime","sample","2026-09-25T13:12:22.840012+00:00","310.454","26534928384","",""
"single256k","runtime","sample","2026-09-25T13:12:23.840793+00:00","311.454","26401312768","",""
"single256k","runtime","sample","2026-09-25T13:12:24.841121+00:00","312.454","26498777088","",""
"single256k","runtime","sample","2026-09-25T13:12:25.841530+00:00","313.454","26102796288","",""
"single256k","runtime","sample","2026-09-25T13:12:26.842003+00:00","314.454","26511749120","",""
"single256k","runtime","sample","2026-09-25T13:12:27.842766+00:00","315.454","26522099712","",""
"single256k","runtime","sample","2026-09-25T13:12:28.843945+00:00","316.454","26524590080","",""
"single256k","runtime","sample","2026-09-25T13:12:29.844670+00:00","317.454","26522648576","",""
"single256k","runtime","sample","2026-09-25T13:12:30.845276+00:00","318.454","26474332160","",""
"single256k","runtime","sample","2026-09-25T13:12:31.845809+00:00","319.454","26445201408","",""
"single256k","runtime","sample","2026-09-25T13:12:32.846523+00:00","320.454","26519195648","",""
"single256k","runtime","sample","2026-09-25T13:12:33.847241+00:00","321.454","26511552512","",""
"single256k","runtime","sample","2026-09-25T13:12:34.847775+00:00","322.454","26510675968","",""
"single256k","runtime","sample","2026-09-25T13:12:35.848166+00:00","323.454","26511736832","",""
"single256k","runtime","sample","2026-09-25T13:12:36.849041+00:00","324.454","26507685888","",""
"single256k","runtime","sample","2026-09-25T13:12:37.849507+00:00","325.454","26510213120","",""
"single256k","runtime","sample","2026-09-25T13:12:38.850219+00:00","326.454","26513326080","",""
"single256k","runtime","sample","2026-09-25T13:12:39.850889+00:00","327.454","26513944576","",""
"single256k","runtime","sample","2026-09-25T13:12:40.851700+00:00","328.454","26515042304","",""
"single256k","runtime","sample","2026-09-25T13:12:41.852459+00:00","329.469","26515566592","",""
"single256k","runtime","sample","2026-09-25T13:12:42.853147+00:00","330.469","26516029440","",""
"single256k","runtime","sample","2026-09-25T13:12:43.854111+00:00","331.469","26463760384","",""
"single256k","runtime","sample","2026-09-25T13:12:44.854800+00:00","332.469","26446360576","",""
"single256k","runtime","sample","2026-09-25T13:12:45.855492+00:00","333.469","26506878976","",""
"single256k","runtime","sample","2026-09-25T13:12:46.856052+00:00","334.469","26510888960","",""
"single256k","runtime","sample","2026-09-25T13:12:47.856516+00:00","335.469","26533138432","",""
"single256k","runtime","sample","2026-09-25T13:12:48.857340+00:00","336.469","26535870464","",""
"single256k","runtime","sample","2026-09-25T13:12:49.857721+00:00","337.469","26527928320","",""
"single256k","runtime","sample","2026-09-25T13:12:50.858217+00:00","338.469","26530598912","",""
"single256k","runtime","sample","2026-09-25T13:12:51.858649+00:00","339.469","26528960512","",""
"single256k","runtime","sample","2026-09-25T13:12:52.859295+00:00","340.469","26562240512","",""
"single256k","runtime","sample","2026-09-25T13:12:53.860039+00:00","341.469","26558824448","",""
"single256k","runtime","sample","2026-09-25T13:12:54.860907+00:00","342.469","26560266240","",""
"single256k","runtime","sample","2026-09-25T13:12:55.861666+00:00","343.469","26561474560","",""
"single256k","runtime","sample","2026-09-25T13:12:56.862238+00:00","344.469","26515263488","",""
"single256k","runtime","sample","2026-09-25T13:12:57.862708+00:00","345.469","26481700864","",""
"single256k","runtime","sample","2026-09-25T13:12:58.863438+00:00","346.469","26467389440","",""
"single256k","runtime","sample","2026-09-25T13:12:59.864324+00:00","347.469","26546323456","",""
"single256k","runtime","sample","2026-09-25T13:13:00.864700+00:00","348.469","26565439488","",""
"single256k","runtime","sample","2026-09-25T13:13:01.865308+00:00","349.469","26517221376","",""
"single256k","runtime","sample","2026-09-25T13:13:02.866178+00:00","350.469","26548760576","",""
"single256k","runtime","sample","2026-09-25T13:13:03.866890+00:00","351.469","26547339264","",""
"single256k","runtime","sample","2026-09-25T13:13:04.867722+00:00","352.485","26547888128","",""
"single256k","runtime","sample","2026-09-25T13:13:05.868890+00:00","353.485","26550763520","",""
"single256k","runtime","sample","2026-09-25T13:13:06.869559+00:00","354.485","26549084160","",""
"single256k","runtime","sample","2026-09-25T13:13:07.870174+00:00","355.485","26552033280","",""
"single256k","runtime","sample","2026-09-25T13:13:08.871234+00:00","356.485","26551005184","",""
"single256k","runtime","sample","2026-09-25T13:13:09.871955+00:00","357.485","26507440128","",""
"single256k","runtime","sample","2026-09-25T13:13:10.872481+00:00","358.485","26484314112","",""
"single256k","runtime","sample","2026-09-25T13:13:11.872770+00:00","359.485","26467336192","",""
"single256k","runtime","sample","2026-09-25T13:13:12.873344+00:00","360.485","26543611904","",""
"single256k","runtime","sample","2026-09-25T13:13:13.874359+00:00","361.485","26540908544","",""
"single256k","runtime","sample","2026-09-25T13:13:14.874936+00:00","362.485","26545938432","",""
"single256k","runtime","sample","2026-09-25T13:13:15.875431+00:00","363.485","26541056000","",""
"single256k","runtime","sample","2026-09-25T13:13:16.875826+00:00","364.485","26542809088","",""
"single256k","runtime","sample","2026-09-25T13:13:17.876573+00:00","365.485","26542641152","",""
"single256k","runtime","sample","2026-09-25T13:13:18.877408+00:00","366.485","26497085440","",""
"single256k","runtime","sample","2026-09-25T13:13:19.878073+00:00","367.485","26489987072","",""
"single256k","runtime","sample","2026-09-25T13:13:20.878640+00:00","368.485","26549829632","",""
"single256k","runtime","sample","2026-09-25T13:13:21.879362+00:00","369.485","26563411968","",""
"single256k","runtime","sample","2026-09-25T13:13:22.879779+00:00","370.485","26565353472","",""
"single256k","runtime","sample","2026-09-25T13:13:23.880190+00:00","371.485","28183162880","",""
"sessions32k","startup","sample","2026-09-25T13:45:47.959262+00:00","0.219","53063147520","",""
"sessions32k","startup","sample","2026-09-25T13:45:48.972613+00:00","1.235","53020028928","",""
"sessions32k","startup","sample","2026-09-25T13:45:49.977274+00:00","2.25","52933947392","",""
"sessions32k","startup","sample","2026-09-25T13:45:50.985598+00:00","3.25","52722540544","",""
"sessions32k","startup","sample","2026-09-25T13:45:51.991935+00:00","4.25","52203532288","",""
"sessions32k","startup","sample","2026-09-25T13:45:52.997351+00:00","5.266","51808645120","",""
"sessions32k","startup","sample","2026-09-25T13:45:54.002308+00:00","6.266","51178393600","",""
"sessions32k","startup","sample","2026-09-25T13:45:55.006468+00:00","7.266","50725527552","",""
"sessions32k","startup","sample","2026-09-25T13:45:56.012734+00:00","8.281","50720026624","",""
"sessions32k","startup","sample","2026-09-25T13:45:57.019236+00:00","9.281","50707173376","",""
"sessions32k","startup","sample","2026-09-25T13:45:58.025043+00:00","10.297","50696077312","",""
"sessions32k","startup","sample","2026-09-25T13:45:59.031003+00:00","11.297","50408325120","",""
"sessions32k","startup","sample","2026-09-25T13:46:00.036612+00:00","12.297","49776869376","",""
"sessions32k","startup","sample","2026-09-25T13:46:01.041346+00:00","13.313","49410904064","",""
"sessions32k","startup","sample","2026-09-25T13:46:02.046844+00:00","14.313","48798613504","",""
"sessions32k","startup","sample","2026-09-25T13:46:03.051752+00:00","15.313","48236138496","",""
"sessions32k","startup","sample","2026-09-25T13:46:04.056455+00:00","16.328","48068194304","",""
"sessions32k","startup","sample","2026-09-25T13:46:05.060633+00:00","17.328","47906881536","",""
"sessions32k","startup","sample","2026-09-25T13:46:06.065376+00:00","18.328","47658225664","",""
"sessions32k","startup","sample","2026-09-25T13:46:07.070481+00:00","19.328","47038353408","",""
"sessions32k","startup","sample","2026-09-25T13:46:08.075427+00:00","20.344","47044489216","",""
"sessions32k","startup","sample","2026-09-25T13:46:09.081232+00:00","21.344","47610478592","",""
"sessions32k","startup","sample","2026-09-25T13:46:10.086872+00:00","22.36","47478349824","",""
"sessions32k","startup","sample","2026-09-25T13:46:11.092213+00:00","23.36","47617773568","",""
"sessions32k","startup","sample","2026-09-25T13:46:12.097109+00:00","24.36","47602008064","",""
"sessions32k","startup","sample","2026-09-25T13:46:13.102552+00:00","25.375","47451705344","",""
"sessions32k","startup","sample","2026-09-25T13:46:14.108458+00:00","26.375","47752781824","",""
"sessions32k","startup","sample","2026-09-25T13:46:15.113469+00:00","27.375","47563603968","",""
"sessions32k","startup","sample","2026-09-25T13:46:16.117484+00:00","28.375","48085065728","",""
"sessions32k","startup","sample","2026-09-25T13:46:17.123906+00:00","29.391","47927218176","",""
"sessions32k","startup","sample","2026-09-25T13:46:18.128517+00:00","30.391","48074018816","",""
"sessions32k","startup","sample","2026-09-25T13:46:19.135244+00:00","31.406","48460607488","",""
"sessions32k","startup","sample","2026-09-25T13:46:20.140196+00:00","32.406","49119477760","",""
"sessions32k","startup","sample","2026-09-25T13:46:21.145306+00:00","33.406","48988676096","",""
"sessions32k","startup","sample","2026-09-25T13:46:22.149803+00:00","34.422","49668325376","",""
"sessions32k","startup","sample","2026-09-25T13:46:23.155643+00:00","35.422","49583079424","",""
"sessions32k","startup","sample","2026-09-25T13:46:24.161017+00:00","36.422","49659846656","",""
"sessions32k","startup","sample","2026-09-25T13:46:25.166428+00:00","37.438","49796546560","",""
"sessions32k","startup","sample","2026-09-25T13:46:26.171388+00:00","38.438","49654349824","",""
"sessions32k","startup","sample","2026-09-25T13:46:27.175563+00:00","39.438","50010279936","",""
"sessions32k","startup","sample","2026-09-25T13:46:28.181249+00:00","40.453","50104786944","",""
"sessions32k","startup","sample","2026-09-25T13:46:29.187296+00:00","41.453","49617567744","",""
"sessions32k","startup","sample","2026-09-25T13:46:30.192002+00:00","42.453","49020227584","",""
"sessions32k","startup","sample","2026-09-25T13:46:31.198760+00:00","43.469","48695914496","",""
"sessions32k","startup","sample","2026-09-25T13:46:32.203376+00:00","44.469","48160014336","",""
"sessions32k","startup","sample","2026-09-25T13:46:33.208398+00:00","45.469","48054870016","",""
"sessions32k","startup","sample","2026-09-25T13:46:34.215007+00:00","46.485","47569211392","",""
"sessions32k","startup","sample","2026-09-25T13:46:35.219927+00:00","47.485","48044154880","",""
"sessions32k","startup","sample","2026-09-25T13:46:36.225449+00:00","48.485","48072572928","",""
"sessions32k","startup","sample","2026-09-25T13:46:37.230289+00:00","49.5","48550449152","",""
"sessions32k","startup","sample","2026-09-25T13:46:38.234636+00:00","50.5","48621314048","",""
"sessions32k","startup","sample","2026-09-25T13:46:39.241476+00:00","51.5","48938315776","",""
"sessions32k","startup","sample","2026-09-25T13:46:40.246556+00:00","52.516","49355243520","",""
"sessions32k","startup","sample","2026-09-25T13:46:41.251686+00:00","53.516","49917390848","",""
"sessions32k","startup","sample","2026-09-25T13:46:42.256926+00:00","54.516","49895424000","",""
"sessions32k","startup","sample","2026-09-25T13:46:43.262200+00:00","55.531","49560317952","",""
"sessions32k","startup","sample","2026-09-25T13:46:44.268015+00:00","56.531","48971046912","",""
"sessions32k","startup","sample","2026-09-25T13:46:45.274624+00:00","57.547","48834830336","",""
"sessions32k","startup","sample","2026-09-25T13:46:46.279584+00:00","58.547","48345513984","",""
"sessions32k","startup","sample","2026-09-25T13:46:47.284025+00:00","59.547","48269979648","",""
"sessions32k","startup","sample","2026-09-25T13:46:48.290112+00:00","60.563","48003416064","",""
"sessions32k","startup","sample","2026-09-25T13:46:49.295481+00:00","61.563","47947644928","",""
"sessions32k","startup","sample","2026-09-25T13:46:50.300998+00:00","62.563","47908028416","",""
"sessions32k","startup","sample","2026-09-25T13:46:51.306146+00:00","63.578","47719583744","",""
"sessions32k","startup","sample","2026-09-25T13:46:52.311804+00:00","64.578","47502495744","",""
"sessions32k","startup","sample","2026-09-25T13:46:53.316508+00:00","65.578","48205770752","",""
"sessions32k","startup","sample","2026-09-25T13:46:54.322990+00:00","66.594","48064958464","",""
"sessions32k","startup","sample","2026-09-25T13:46:55.328083+00:00","67.594","48452653056","",""
"sessions32k","startup","sample","2026-09-25T13:46:56.333763+00:00","68.594","48712667136","",""
"sessions32k","startup","sample","2026-09-25T13:46:57.339839+00:00","69.61","48996196352","",""
"sessions32k","startup","sample","2026-09-25T13:46:58.345553+00:00","70.61","49276641280","",""
"sessions32k","startup","sample","2026-09-25T13:46:59.351133+00:00","71.61","49357455360","",""
"sessions32k","startup","sample","2026-09-25T13:47:00.356289+00:00","72.625","49810382848","",""
"sessions32k","startup","sample","2026-09-25T13:47:01.360908+00:00","73.625","49707778048","",""
"sessions32k","startup","sample","2026-09-25T13:47:02.365721+00:00","74.625","49710596096","",""
"sessions32k","startup","sample","2026-09-25T13:47:03.370744+00:00","75.641","49076789248","",""
"sessions32k","startup","sample","2026-09-25T13:47:04.375595+00:00","76.641","48917876736","",""
"sessions32k","startup","sample","2026-09-25T13:47:05.382106+00:00","77.641","48529362944","",""
"sessions32k","startup","sample","2026-09-25T13:47:06.387545+00:00","78.656","47565410304","",""
"sessions32k","startup","sample","2026-09-25T13:47:07.391969+00:00","79.656","46362570752","",""
"sessions32k","startup","sample","2026-09-25T13:47:08.398218+00:00","80.656","45338423296","",""
"sessions32k","startup","sample","2026-09-25T13:47:09.403888+00:00","81.672","44687982592","",""
"sessions32k","startup","sample","2026-09-25T13:47:10.408747+00:00","82.672","43852845056","",""
"sessions32k","startup","sample","2026-09-25T13:47:11.413474+00:00","83.672","43107069952","",""
"sessions32k","startup","sample","2026-09-25T13:47:12.418900+00:00","84.688","42461122560","",""
"sessions32k","startup","sample","2026-09-25T13:47:13.424421+00:00","85.688","41434177536","",""
"sessions32k","startup","sample","2026-09-25T13:47:14.429930+00:00","86.688","40098590720","",""
"sessions32k","startup","sample","2026-09-25T13:47:15.435061+00:00","87.703","38911438848","",""
"sessions32k","startup","sample","2026-09-25T13:47:16.439526+00:00","88.703","37729718272","",""
"sessions32k","startup","sample","2026-09-25T13:47:17.444716+00:00","89.703","36599164928","",""
"sessions32k","startup","sample","2026-09-25T13:47:18.451029+00:00","90.719","35365683200","",""
"sessions32k","startup","sample","2026-09-25T13:47:19.455213+00:00","91.719","34312056832","",""
"sessions32k","startup","sample","2026-09-25T13:47:20.460480+00:00","92.719","33546817536","",""
"sessions32k","startup","sample","2026-09-25T13:47:21.466780+00:00","93.735","32403562496","",""
"sessions32k","startup","sample","2026-09-25T13:47:22.471734+00:00","94.735","31231557632","",""
"sessions32k","startup","sample","2026-09-25T13:47:23.476800+00:00","95.735","30018916352","",""
"sessions32k","startup","sample","2026-09-25T13:47:24.482010+00:00","96.75","28748230656","",""
"sessions32k","startup","sample","2026-09-25T13:47:25.487352+00:00","97.75","27537264640","",""
"sessions32k","startup","sample","2026-09-25T13:47:26.492362+00:00","98.75","27058495488","",""
"sessions32k","startup","sample","2026-09-25T13:47:27.496584+00:00","99.766","27697266688","",""
"sessions32k","startup","sample","2026-09-25T13:47:28.504975+00:00","100.766","27759308800","",""
"sessions32k","startup","sample","2026-09-25T13:47:29.514556+00:00","101.781","27726487552","",""
"sessions32k","startup","sample","2026-09-25T13:47:30.523212+00:00","102.781","28146814976","",""
"sessions32k","startup","sample","2026-09-25T13:47:31.528086+00:00","103.797","28152950784","",""
"sessions32k","startup","sample","2026-09-25T13:47:32.535925+00:00","104.797","28151476224","",""
"sessions32k","startup","sample","2026-09-25T13:47:33.544107+00:00","105.813","28154535936","",""
"sessions32k","startup","sample","2026-09-25T13:47:34.551780+00:00","106.813","28149391360","",""
"sessions32k","startup","sample","2026-09-25T13:47:35.555832+00:00","107.828","28149981184","",""
"sessions32k","startup","sample","2026-09-25T13:47:36.556775+00:00","108.828","28079951872","",""
"sessions32k","startup","sample","2026-09-25T13:47:37.557217+00:00","109.828","28010143744","",""
"sessions32k","startup","sample","2026-09-25T13:47:38.557726+00:00","110.828","28057120768","",""
"sessions32k","startup","sample","2026-09-25T13:47:39.558000+00:00","111.828","28057124864","",""
"sessions32k","startup","sample","2026-09-25T13:47:40.558590+00:00","112.828","28064411648","",""
"sessions32k","startup","sample","2026-09-25T13:47:41.559188+00:00","113.828","28068810752","",""
"sessions32k","startup","sample","2026-09-25T13:47:42.559583+00:00","114.828","28070244352","",""
"sessions32k","startup","sample","2026-09-25T13:47:43.559897+00:00","115.828","28068110336","",""
"sessions32k","startup","sample","2026-09-25T13:47:44.560370+00:00","116.828","28068478976","",""
"sessions32k","startup","sample","2026-09-25T13:47:45.560696+00:00","117.828","28069830656","",""
"sessions32k","runtime","sample","2026-09-25T13:47:45.960042+00:00","0.219","28120911872","",""
"sessions32k","runtime","sample","2026-09-25T13:47:46.961076+00:00","1.219","28063899648","",""
"sessions32k","runtime","sample","2026-09-25T13:47:47.961596+00:00","2.235","28064026624","",""
"sessions32k","runtime","sample","2026-09-25T13:47:48.962175+00:00","3.235","28089905152","",""
"sessions32k","runtime","sample","2026-09-25T13:47:49.962531+00:00","4.235","28095463424","",""
"sessions32k","runtime","sample","2026-09-25T13:47:50.962705+00:00","5.235","28050509824","",""
"sessions32k","runtime","sample","2026-09-25T13:47:51.963146+00:00","6.235","27869777920","",""
"sessions32k","runtime","sample","2026-09-25T13:47:52.963950+00:00","7.235","27636838400","",""
"sessions32k","runtime","sample","2026-09-25T13:47:53.964618+00:00","8.235","27636187136","",""
"sessions32k","runtime","sample","2026-09-25T13:47:54.964988+00:00","9.235","27640303616","",""
"sessions32k","runtime","sample","2026-09-25T13:47:55.965280+00:00","10.235","27661471744","",""
"sessions32k","runtime","sample","2026-09-25T13:47:56.966889+00:00","11.235","27653980160","",""
"sessions32k","runtime","sample","2026-09-25T13:47:57.967269+00:00","12.235","27654537216","",""
"sessions32k","runtime","sample","2026-09-25T13:47:58.967520+00:00","13.235","27613237248","",""
"sessions32k","runtime","sample","2026-09-25T13:47:59.968116+00:00","14.235","27572936704","",""
"sessions32k","runtime","sample","2026-09-25T13:48:00.968494+00:00","15.235","27663048704","",""
"sessions32k","runtime","sample","2026-09-25T13:48:01.969622+00:00","16.235","27660713984","",""
"sessions32k","runtime","sample","2026-09-25T13:48:02.970296+00:00","17.235","27661144064","",""
"sessions32k","runtime","sample","2026-09-25T13:48:03.970812+00:00","18.235","27538456576","",""
"sessions32k","runtime","sample","2026-09-25T13:48:04.971072+00:00","19.235","27594113024","",""
"sessions32k","runtime","sample","2026-09-25T13:48:05.971677+00:00","20.235","27398402048","",""
"sessions32k","runtime","sample","2026-09-25T13:48:06.972819+00:00","21.235","27551969280","",""
"sessions32k","runtime","sample","2026-09-25T13:48:07.973337+00:00","22.235","27560275968","",""
"sessions32k","runtime","sample","2026-09-25T13:48:08.974170+00:00","23.235","27567202304","",""
"sessions32k","runtime","sample","2026-09-25T13:48:09.974793+00:00","24.235","27571392512","",""
"sessions32k","runtime","sample","2026-09-25T13:48:10.975579+00:00","25.235","27569737728","",""
"sessions32k","runtime","sample","2026-09-25T13:48:11.976235+00:00","26.235","27502501888","",""
"sessions32k","runtime","sample","2026-09-25T13:48:12.976732+00:00","27.235","27492012032","",""
"sessions32k","runtime","sample","2026-09-25T13:48:13.977471+00:00","28.25","27625717760","",""
"sessions32k","runtime","sample","2026-09-25T13:48:14.978158+00:00","29.25","27630776320","",""
"sessions32k","runtime","sample","2026-09-25T13:48:15.978936+00:00","30.25","27637157888","",""
"sessions32k","runtime","sample","2026-09-25T13:48:16.979451+00:00","31.25","27633778688","",""
"sessions32k","runtime","sample","2026-09-25T13:48:17.979823+00:00","32.25","27632574464","",""
"sessions32k","runtime","sample","2026-09-25T13:48:18.980530+00:00","33.25","27597910016","",""
"sessions32k","runtime","sample","2026-09-25T13:48:19.981266+00:00","34.25","27629424640","",""
"sessions32k","runtime","sample","2026-09-25T13:48:20.981549+00:00","35.25","27633111040","",""
"sessions32k","runtime","sample","2026-09-25T13:48:21.982191+00:00","36.25","27632730112","",""
"sessions32k","runtime","sample","2026-09-25T13:48:22.982926+00:00","37.25","27643719680","",""
"sessions32k","runtime","sample","2026-09-25T13:48:23.983310+00:00","38.25","27594633216","",""
"sessions32k","runtime","sample","2026-09-25T13:48:24.983841+00:00","39.25","27562278912","",""
"sessions32k","runtime","sample","2026-09-25T13:48:25.984307+00:00","40.25","27607572480","",""
"sessions32k","runtime","sample","2026-09-25T13:48:26.984952+00:00","41.25","27623497728","",""
"sessions32k","runtime","sample","2026-09-25T13:48:27.985570+00:00","42.25","27623944192","",""
"sessions32k","runtime","sample","2026-09-25T13:48:28.986169+00:00","43.25","27624349696","",""
"sessions32k","runtime","sample","2026-09-25T13:48:29.986671+00:00","44.25","27573190656","",""
"sessions32k","runtime","sample","2026-09-25T13:48:30.987083+00:00","45.25","27600756736","",""
"sessions32k","runtime","sample","2026-09-25T13:48:31.987984+00:00","46.25","27589099520","",""
"sessions32k","runtime","sample","2026-09-25T13:48:32.988347+00:00","47.25","27606261760","",""
"sessions32k","runtime","sample","2026-09-25T13:48:33.989099+00:00","48.25","27609182208","",""
"sessions32k","runtime","sample","2026-09-25T13:48:34.989713+00:00","49.25","27615924224","",""
"sessions32k","runtime","sample","2026-09-25T13:48:35.990463+00:00","50.25","27617062912","",""
"sessions32k","runtime","sample","2026-09-25T13:48:36.991499+00:00","51.25","27542081536","",""
"sessions32k","runtime","sample","2026-09-25T13:48:37.992194+00:00","52.25","27533717504","",""
"sessions32k","runtime","sample","2026-09-25T13:48:38.992518+00:00","53.25","27537903616","",""
"sessions32k","runtime","sample","2026-09-25T13:48:39.993065+00:00","54.266","27542720512","",""
"sessions32k","runtime","sample","2026-09-25T13:48:40.993851+00:00","55.266","27548762112","",""
"sessions32k","runtime","sample","2026-09-25T13:48:41.994524+00:00","56.266","27515883520","",""
"sessions32k","runtime","sample","2026-09-25T13:48:42.995190+00:00","57.266","27495202816","",""
"sessions32k","runtime","sample","2026-09-25T13:48:43.995751+00:00","58.266","27564892160","",""
"sessions32k","runtime","sample","2026-09-25T13:48:44.996259+00:00","59.266","27565051904","",""
"sessions32k","runtime","sample","2026-09-25T13:48:45.996913+00:00","60.266","27567411200","",""
"sessions32k","runtime","sample","2026-09-25T13:48:46.997823+00:00","61.266","27565096960","",""
"sessions32k","runtime","sample","2026-09-25T13:48:47.998278+00:00","62.266","27585208320","",""
"sessions32k","runtime","sample","2026-09-25T13:48:48.998744+00:00","63.266","27585486848","",""
"sessions32k","runtime","sample","2026-09-25T13:48:49.999244+00:00","64.266","27586637824","",""
"sessions32k","runtime","sample","2026-09-25T13:48:50.999627+00:00","65.266","27584798720","",""
"sessions32k","runtime","sample","2026-09-25T13:48:52.001023+00:00","66.266","27583635456","",""
"sessions32k","runtime","sample","2026-09-25T13:48:53.001551+00:00","67.266","27570302976","",""
"sessions32k","runtime","sample","2026-09-25T13:48:54.002219+00:00","68.266","27548266496","",""
"sessions32k","runtime","sample","2026-09-25T13:48:55.002932+00:00","69.266","27482435584","",""
"sessions32k","runtime","sample","2026-09-25T13:48:56.003401+00:00","70.266","27472293888","",""
"sessions32k","runtime","sample","2026-09-25T13:48:57.003854+00:00","71.266","27537059840","",""
"sessions32k","runtime","sample","2026-09-25T13:48:58.004307+00:00","72.266","27561992192","",""
"sessions32k","runtime","sample","2026-09-25T13:48:59.005091+00:00","73.266","27525304320","",""
"sessions32k","runtime","sample","2026-09-25T13:49:00.005717+00:00","74.266","27522691072","",""
"sessions32k","runtime","sample","2026-09-25T13:49:01.006347+00:00","75.266","27346202624","",""
"sessions32k","runtime","sample","2026-09-25T13:49:02.007392+00:00","76.266","27500806144","",""
"sessions32k","runtime","sample","2026-09-25T13:49:03.008250+00:00","77.266","27564605440","",""
"sessions32k","runtime","sample","2026-09-25T13:49:04.008841+00:00","78.281","27506475008","",""
"sessions32k","runtime","sample","2026-09-25T13:49:05.009442+00:00","79.281","27492728832","",""
"sessions32k","runtime","sample","2026-09-25T13:49:06.009768+00:00","80.281","27558506496","",""
"sessions32k","runtime","sample","2026-09-25T13:49:07.010572+00:00","81.281","27561037824","",""
"sessions32k","runtime","sample","2026-09-25T13:49:08.011271+00:00","82.281","27569389568","",""
"sessions32k","runtime","sample","2026-09-25T13:49:09.011476+00:00","83.281","27901485056","",""
"sessions260k","startup","sample","2026-09-25T14:03:38.348231+00:00","0.219","52973002752","",""
"sessions260k","startup","sample","2026-09-25T14:03:39.363047+00:00","1.234","52904456192","",""
"sessions260k","startup","sample","2026-09-25T14:03:40.368804+00:00","2.25","52814180352","",""
"sessions260k","startup","sample","2026-09-25T14:03:41.373695+00:00","3.25","52594696192","",""
"sessions260k","startup","sample","2026-09-25T14:03:42.378621+00:00","4.25","52078387200","",""
"sessions260k","startup","sample","2026-09-25T14:03:43.384120+00:00","5.265","51922493440","",""
"sessions260k","startup","sample","2026-09-25T14:03:44.389056+00:00","6.265","51601399808","",""
"sessions260k","startup","sample","2026-09-25T14:03:45.395211+00:00","7.265","50977902592","",""
"sessions260k","startup","sample","2026-09-25T14:03:46.400242+00:00","8.281","50626781184","",""
"sessions260k","startup","sample","2026-09-25T14:03:47.405572+00:00","9.281","50107957248","",""
"sessions260k","startup","sample","2026-09-25T14:03:48.411512+00:00","10.281","49800749056","",""
"sessions260k","startup","sample","2026-09-25T14:03:49.416634+00:00","11.297","49447641088","",""
"sessions260k","startup","sample","2026-09-25T14:03:50.422327+00:00","12.297","48950833152","",""
"sessions260k","startup","sample","2026-09-25T14:03:51.428045+00:00","13.297","48776024064","",""
"sessions260k","startup","sample","2026-09-25T14:03:52.433538+00:00","14.312","48152592384","",""
"sessions260k","startup","sample","2026-09-25T14:03:53.439124+00:00","15.312","47975395328","",""
"sessions260k","startup","sample","2026-09-25T14:03:54.444644+00:00","16.312","47355150336","",""
"sessions260k","startup","sample","2026-09-25T14:03:55.450284+00:00","17.328","47166853120","",""
"sessions260k","startup","sample","2026-09-25T14:03:56.454769+00:00","18.328","46782046208","",""
"sessions260k","startup","sample","2026-09-25T14:03:57.460341+00:00","19.328","47243231232","",""
"sessions260k","startup","sample","2026-09-25T14:03:58.466268+00:00","20.344","47013552128","",""
"sessions260k","startup","sample","2026-09-25T14:03:59.472188+00:00","21.344","47637270528","",""
"sessions260k","startup","sample","2026-09-25T14:04:00.477210+00:00","22.359","47557136384","",""
"sessions260k","startup","sample","2026-09-25T14:04:01.481279+00:00","23.359","48106266624","",""
"sessions260k","startup","sample","2026-09-25T14:04:02.487771+00:00","24.359","48064974848","",""
"sessions260k","startup","sample","2026-09-25T14:04:03.493675+00:00","25.375","48713351168","",""
"sessions260k","startup","sample","2026-09-25T14:04:04.499127+00:00","26.375","48699113472","",""
"sessions260k","startup","sample","2026-09-25T14:04:05.503620+00:00","27.375","49404960768","",""
"sessions260k","startup","sample","2026-09-25T14:04:06.509469+00:00","28.39","49609412608","",""
"sessions260k","startup","sample","2026-09-25T14:04:07.514681+00:00","29.39","49984393216","",""
"sessions260k","startup","sample","2026-09-25T14:04:08.521013+00:00","30.39","49799925760","",""
"sessions260k","startup","sample","2026-09-25T14:04:09.526697+00:00","31.406","49775640576","",""
"sessions260k","startup","sample","2026-09-25T14:04:10.531764+00:00","32.406","49596801024","",""
"sessions260k","startup","sample","2026-09-25T14:04:11.538190+00:00","33.406","49724575744","",""
"sessions260k","startup","sample","2026-09-25T14:04:12.544549+00:00","34.422","49424891904","",""
"sessions260k","startup","sample","2026-09-25T14:04:13.549147+00:00","35.422","48789061632","",""
"sessions260k","startup","sample","2026-09-25T14:04:14.555479+00:00","36.437","48583274496","",""
"sessions260k","startup","sample","2026-09-25T14:04:15.560195+00:00","37.437","48066400256","",""
"sessions260k","startup","sample","2026-09-25T14:04:16.566187+00:00","38.437","47628750848","",""
"sessions260k","startup","sample","2026-09-25T14:04:17.570985+00:00","39.453","47429681152","",""
"sessions260k","startup","sample","2026-09-25T14:04:18.576762+00:00","40.453","47226703872","",""
"sessions260k","startup","sample","2026-09-25T14:04:19.582845+00:00","41.453","48125087744","",""
"sessions260k","startup","sample","2026-09-25T14:04:20.587470+00:00","42.469","48043331584","",""
"sessions260k","startup","sample","2026-09-25T14:04:21.594423+00:00","43.469","48640847872","",""
"sessions260k","startup","sample","2026-09-25T14:04:22.599235+00:00","44.469","48520974336","",""
"sessions260k","startup","sample","2026-09-25T14:04:23.605932+00:00","45.484","48881123328","",""
"sessions260k","startup","sample","2026-09-25T14:04:24.611214+00:00","46.484","48925216768","",""
"sessions260k","startup","sample","2026-09-25T14:04:25.616358+00:00","47.484","49041944576","",""
"sessions260k","startup","sample","2026-09-25T14:04:26.621323+00:00","48.5","49270788096","",""
"sessions260k","startup","sample","2026-09-25T14:04:27.626085+00:00","49.5","49191518208","",""
"sessions260k","startup","sample","2026-09-25T14:04:28.630836+00:00","50.5","49697366016","",""
"sessions260k","startup","sample","2026-09-25T14:04:29.637908+00:00","51.515","49541124096","",""
"sessions260k","startup","sample","2026-09-25T14:04:30.643121+00:00","52.515","49564839936","",""
"sessions260k","startup","sample","2026-09-25T14:04:31.648246+00:00","53.515","49530552320","",""
"sessions260k","startup","sample","2026-09-25T14:04:32.652915+00:00","54.531","48925167616","",""
"sessions260k","startup","sample","2026-09-25T14:04:33.658787+00:00","55.531","48550031360","",""
"sessions260k","startup","sample","2026-09-25T14:04:34.664730+00:00","56.547","48430829568","",""
"sessions260k","startup","sample","2026-09-25T14:04:35.670207+00:00","57.547","48689389568","",""
"sessions260k","startup","sample","2026-09-25T14:04:36.675806+00:00","58.547","49083543552","",""
"sessions260k","startup","sample","2026-09-25T14:04:37.679736+00:00","59.547","48947011584","",""
"sessions260k","startup","sample","2026-09-25T14:04:38.686326+00:00","60.562","49574649856","",""
"sessions260k","startup","sample","2026-09-25T14:04:39.693276+00:00","61.562","49438736384","",""
"sessions260k","startup","sample","2026-09-25T14:04:40.698517+00:00","62.578","50037334016","",""
"sessions260k","startup","sample","2026-09-25T14:04:41.703345+00:00","63.578","49946361856","",""
"sessions260k","startup","sample","2026-09-25T14:04:42.708282+00:00","64.578","49805545472","",""
"sessions260k","startup","sample","2026-09-25T14:04:43.713481+00:00","65.594","49408483328","",""
"sessions260k","startup","sample","2026-09-25T14:04:44.718498+00:00","66.594","48774434816","",""
"sessions260k","startup","sample","2026-09-25T14:04:45.724307+00:00","67.594","48588390400","",""
"sessions260k","startup","sample","2026-09-25T14:04:46.729182+00:00","68.609","48350806016","",""
"sessions260k","startup","sample","2026-09-25T14:04:47.734232+00:00","69.609","49037496320","",""
"sessions260k","startup","sample","2026-09-25T14:04:48.739912+00:00","70.609","48860422144","",""
"sessions260k","startup","sample","2026-09-25T14:04:49.746630+00:00","71.625","49077456896","",""
"sessions260k","startup","sample","2026-09-25T14:04:50.751269+00:00","72.625","49438633984","",""
"sessions260k","startup","sample","2026-09-25T14:04:51.756758+00:00","73.625","49236107264","",""
"sessions260k","startup","sample","2026-09-25T14:04:52.761888+00:00","74.64","49959395328","",""
"sessions260k","startup","sample","2026-09-25T14:04:53.767779+00:00","75.64","49709924352","",""
"sessions260k","startup","sample","2026-09-25T14:04:54.771799+00:00","76.64","49763020800","",""
"sessions260k","startup","sample","2026-09-25T14:04:55.777196+00:00","77.656","49174470656","",""
"sessions260k","startup","sample","2026-09-25T14:04:56.781768+00:00","78.656","48684457984","",""
"sessions260k","startup","sample","2026-09-25T14:04:57.787099+00:00","79.656","48676016128","",""
"sessions260k","startup","sample","2026-09-25T14:04:58.792417+00:00","80.672","48541212672","",""
"sessions260k","startup","sample","2026-09-25T14:04:59.798329+00:00","81.672","48134651904","",""
"sessions260k","startup","sample","2026-09-25T14:05:00.803636+00:00","82.672","47361761280","",""
"sessions260k","startup","sample","2026-09-25T14:05:01.809026+00:00","83.687","46723735552","",""
"sessions260k","startup","sample","2026-09-25T14:05:02.814352+00:00","84.687","45590708224","",""
"sessions260k","startup","sample","2026-09-25T14:05:03.819569+00:00","85.687","44397420544","",""
"sessions260k","startup","sample","2026-09-25T14:05:04.825616+00:00","86.703","43314606080","",""
"sessions260k","startup","sample","2026-09-25T14:05:05.830715+00:00","87.703","41884020736","",""
"sessions260k","startup","sample","2026-09-25T14:05:06.836463+00:00","88.719","41192767488","",""
"sessions260k","startup","sample","2026-09-25T14:05:07.841399+00:00","89.719","40642834432","",""
"sessions260k","startup","sample","2026-09-25T14:05:08.846801+00:00","90.719","40144875520","",""
"sessions260k","startup","sample","2026-09-25T14:05:09.851643+00:00","91.719","39259590656","",""
"sessions260k","startup","sample","2026-09-25T14:05:10.857062+00:00","92.734","38499835904","",""
"sessions260k","startup","sample","2026-09-25T14:05:11.862325+00:00","93.734","37399056384","",""
"sessions260k","startup","sample","2026-09-25T14:05:12.868074+00:00","94.75","36228796416","",""
"sessions260k","startup","sample","2026-09-25T14:05:13.872743+00:00","95.75","35108171776","",""
"sessions260k","startup","sample","2026-09-25T14:05:14.879850+00:00","96.75","33940013056","",""
"sessions260k","startup","sample","2026-09-25T14:05:15.884594+00:00","97.765","32808538112","",""
"sessions260k","startup","sample","2026-09-25T14:05:16.889602+00:00","98.765","31782469632","",""
"sessions260k","startup","sample","2026-09-25T14:05:17.895252+00:00","99.765","30573469696","",""
"sessions260k","startup","sample","2026-09-25T14:05:18.900454+00:00","100.781","29269577728","",""
"sessions260k","startup","sample","2026-09-25T14:05:19.907051+00:00","101.781","28253335552","",""
"sessions260k","startup","sample","2026-09-25T14:05:20.912842+00:00","102.781","27758125056","",""
"sessions260k","startup","sample","2026-09-25T14:05:21.917498+00:00","103.797","27115429888","",""
"sessions260k","startup","sample","2026-09-25T14:05:22.922619+00:00","104.797","24038236160","",""
"sessions260k","startup","failed","2026-09-25T14:05:23.927926+00:00","105.797","","19590668288","RuntimeError('stop_pressure')"
"sessions260k","startup","stop_sample","2026-09-25T14:05:23.928931+00:00","105.797","19582582784","",""
"sessions260k","startup","stop_sample","2026-09-25T14:05:24.129335+00:00","106.0","19325743104","",""
"sessions260k","startup","stop_sample","2026-09-25T14:05:24.330319+00:00","106.203","19284238336","",""
"sessions260k","startup","stop_sample","2026-09-25T14:05:24.531327+00:00","106.406","19228377088","",""
"sessions260k","startup","stop_sample","2026-09-25T14:05:24.732024+00:00","106.609","19235975168","",""
"sessions260k","startup","stop_sample","2026-09-25T14:05:24.933015+00:00","106.812","19256487936","",""
"sessions260k","startup","stop_sample","2026-09-25T14:05:25.133703+00:00","107.015","19357310976","",""
"sessions260k","startup","stop_sample","2026-09-25T14:05:25.334300+00:00","107.203","19540434944","",""
"sessions260k","startup","stop_sample","2026-09-25T14:05:25.535054+00:00","107.406","19540832256","",""
"sessions260k","startup","stop_sample","2026-09-25T14:05:25.736019+00:00","107.609","19540885504","",""
"sessions260k","startup","stop_sample","2026-09-25T14:05:25.936617+00:00","107.812","19554590720","",""
"sessions260k","startup","stop_sample","2026-09-25T14:05:26.137522+00:00","108.015","19558154240","",""
"sessions260k","startup","stop_sample","2026-09-25T14:05:26.338597+00:00","108.219","19558154240","",""
"sessions260k","startup","stop_sample","2026-09-25T14:05:26.539169+00:00","108.406","19558207488","",""
"sessions260k","startup","stop_sample","2026-09-25T14:05:26.740091+00:00","108.609","19558215680","",""
"sessions260k","startup","stop_sample","2026-09-25T14:05:26.940905+00:00","108.812","19625594880","",""
"sessions260k","startup","stop_sample","2026-09-25T14:05:27.141914+00:00","109.015","20393488384","",""
"sessions260k","startup","stop_sample","2026-09-25T14:05:27.343175+00:00","109.219","23002275840","",""
"sessions260k","startup","stop_sample","2026-09-25T14:05:27.543747+00:00","109.422","26046693376","",""
"sessions260k","startup","stop_sample","2026-09-25T14:05:27.744793+00:00","109.625","29195177984","",""
"sessions260k","startup","stop_sample","2026-09-25T14:05:27.945875+00:00","109.828","30661836800","",""
"sessions260k","startup","stopped","2026-09-25T14:05:28.146720+00:00","110.015","","19228377088",""
